,textblob_polarity,model_PHYSICAL_SENSATIONS,model_DEATH,ON_generic,second_personal_pronoun,average_shrotest_path_g0,degree_average,ON_someone,model_BODY,difluencies_score,L2,verb_indicatif_imparfait,verb_indicatif_future,textblob_subjectivity,PQP_score,direct_discourse_score,average_clustering,PE,labMT,L1
0,0.023132853357527742,0.02553729858567752,0.021918404865246332,0.022977410641140845,0.019188522902899973,0.024718371813659955,0.026696649049378143,0.02138766759135076,0.016173484022607633,0.02757219586808139,0.022398859095461455,0.01982146719145913,0.021896263563609082,0.0209209969801529,0.020435115137694145,0.021727040798274068,0.015990767446893456,0.018633696528854254,0.018686181120302462,0.017139092013686723
1,0.04087695071117865,0.03786341128046139,0.036582119239459004,0.04162465418191031,0.040128816662168214,0.031859559824993174,0.03320770544567851,0.030382777378761716,0.029789842963303045,0.04022548381708736,0.035845845192243125,0.03638275215035882,0.03707506390594746,0.0417423830802566,0.034786958166102215,0.041350670341572866,0.036447380983754045,0.03350701998025868,0.03239269800708658,0.03568471316286447
2,0.03397433796179395,0.03244425014361921,0.029009333508895764,0.03127138399321393,0.037802325188437874,0.024917044089389932,0.026269852731635103,0.0324442349995733,0.020730775947718046,0.028090034045813728,0.028775112441039398,0.029973198815301486,0.023270556648913365,0.027322092564391744,0.028085391325852395,0.02580623357805053,0.023298466139830127,0.024763255489845367,0.025592257620189816,0.02765565689858015
3,0.04740695170096201,0.05710039755499177,0.04673812424004558,0.048382505972528196,0.036021198089352835,0.04742228760778479,0.04481800574818704,0.03921923892885753,0.03799250641792088,0.039055972453531165,0.042651205145943866,0.05083760521719697,0.03790738554003503,0.046606847961126005,0.03623461644458819,0.029340372079916265,0.036120423314115,0.04132022800562881,0.03606026141809008,0.03596105682718395
4,0.025687452159821614,0.02531636971896788,0.02461020699915962,0.020335222593027617,0.01939234488896704,0.022210865788023833,0.0227307801653994,0.015183562096481194,0.022254717232532636,0.02062201825694109,0.020676779689593333,0.018607108528872478,0.017039940243003714,0.01892564186981173,0.017855103848283087,0.01816808780431433,0.0206984737558675,0.017605723388219672,0.016634188775787748,0.016408441545081382
5,0.03858383948429858,0.04360522642917679,0.038658817076625426,0.03452928829494079,0.04694365993161252,0.03213068194236348,0.029918401232569655,0.027049868533370613,0.030937864574000953,0.04084660080479564,0.027336309764862607,0.037205245076163615,0.023054789703193305,0.0245481798328073,0.024171749472146658,0.024841576037300996,0.022445881311986077,0.02727532371767458,0.028403831430947036,0.021110809977647384
6,0.030840462323608347,0.028160119675830455,0.029111845604511098,0.026648757072892076,0.020902653136933486,0.028387973098331496,0.030289458419352086,0.02545103665017488,0.0286698764990126,0.026193369520932933,0.02733164211019277,0.030095368996194808,0.02795880272811551,0.02103491352313852,0.02257383565121952,0.02103019656774358,0.018178897636422393,0.024744724141208516,0.021424448971870465,0.022459444706070506
7,0.029916050379377227,0.02876030736156867,0.02481997398972315,0.02784490860373904,0.027999101236641247,0.025512390102345517,0.022423208211906867,0.024416875488307635,0.02355593051264261,0.026349926278944228,0.030181401736272883,0.022905600982718686,0.025954845203747575,0.024976357087143294,0.02448612277217729,0.020955132390462705,0.029538401439304446,0.02315410960097952,0.02324493170652305,0.025265630633345797
8,0.03849580943572035,0.04078379944442514,0.04157424951103908,0.04309494670546955,0.036668768093488215,0.036591182263254717,0.03324881064066447,0.04157072720027892,0.035515444224487464,0.02867474926311236,0.036281096974139795,0.0313734172974425,0.04007871060106898,0.03945390597820713,0.026912175210551594,0.03733059993178699,0.03281401610308449,0.03771529783893879,0.0356183329095298,0.02873875476991054
9,0.041083404364712535,0.048762934343935034,0.04439586074611581,0.041037631401173585,0.038882263393903604,0.04468015219941443,0.041945872260821145,0.0351396655510749,0.04274455726403056,0.03582820081958085,0.04184913401906651,0.034455405160897803,0.04186127873587104,0.04061631835134304,0.0299576634496644,0.03381543955327305,0.030376072939642427,0.04062279709585967,0.04109394717839422,0.03235568550619023
10,0.02258236034462686,0.025170920711317733,0.019547547620404105,0.01520943810837089,0.024133150817065643,0.02239646932108111,0.024092632057234713,0.01738283480826222,0.017783572107371505,0.023633063043730116,0.01705508543903849,0.02115744133898811,0.019492444990784407,0.01600816143269012,0.019836772426062795,0.024847512532628676,0.019592749577185636,0.016129820236298414,0.01561374410918061,0.01988896453863487
11,0.042267767202273036,0.042383943598247084,0.039325854171591505,0.033751686436020924,0.04509686032845494,0.025621267852598953,0.028906127222792025,0.02606909241824386,0.02426542323007427,0.037149276851963155,0.02446715347922548,0.03168359693514137,0.024130238393951006,0.03701139979097221,0.0324905293943926,0.03337572354979799,0.022199470374374808,0.025295609316103154,0.025600704265743006,0.02407000997975068
12,0.024680688702695946,0.025557805350487406,0.022617728672917163,0.021254312379178686,0.020731763577898615,0.022287046894321896,0.023563372672309183,0.023459350451020836,0.01961187322643627,0.022815256807988654,0.021912443101254366,0.01951501413266797,0.01819254533142359,0.019103494366814227,0.01970720111578421,0.01819527739407593,0.01912438544980771,0.01929353408133299,0.019464621252312762,0.017042839584664016
13,0.03423278397144022,0.035487122039391736,0.033298752376181746,0.03453897021116364,0.02491199922078486,0.02785518930551243,0.03331516137561757,0.036532227613482814,0.02899589113179272,0.019365312211357316,0.03208148949861666,0.024279670514900868,0.033427972648855005,0.030399710430617184,0.020452036608541863,0.027902057128291184,0.028637842683086973,0.03031367206146855,0.02935555155381632,0.02614003179705338
14,0.02977536629181296,0.03188705843082939,0.03127590833667898,0.030923568226728763,0.0229629500942949,0.03446092375430867,0.037498606414087934,0.027156687890163105,0.02879377354588121,0.02633166642631532,0.02745852341625773,0.02570244344615003,0.020820231623653863,0.026100573614160034,0.022481918790827598,0.03061441219899332,0.027461374755288682,0.024869601461275582,0.026449144869999767,0.026961693211470114
15,0.033962411340597916,0.03243673960127328,0.03363041646784597,0.032240157978852206,0.025631634949765586,0.03217307627910079,0.028239521665372434,0.03066550698179022,0.032224406796563784,0.02370472572322474,0.027696182459500566,0.02888653176904129,0.024264894294400312,0.02627019327944291,0.025296202060744268,0.021057009880855078,0.02400007378586092,0.024264778468932078,0.02295021186241832,0.028221097513456507
16,0.053486130170316566,0.04697400502177623,0.05446874963555894,0.04292642039440937,0.04522253207277335,0.05049513415698647,0.04465428691659573,0.05050135928807876,0.0422074301328074,0.039106116824591516,0.04333970281445713,0.04439666535814804,0.035533355202636625,0.045269155352526326,0.040813344552444494,0.052092683441534136,0.04360210714127094,0.04708715881892352,0.04792804202484383,0.028322219539182077
17,0.03193079834133107,0.028791675915437718,0.02558847008536885,0.030721566164985184,0.026740888746851973,0.03460318898040404,0.031347241973070886,0.028021376084544428,0.020565755115351577,0.026312510504781096,0.035753820629358064,0.02268381054187523,0.031960832317627155,0.022720209882068996,0.025107165784044986,0.01650803541583574,0.030766366560252584,0.02299846580805073,0.02837684749504497,0.027752947719962322
18,0.05223373091033739,0.05380122213126458,0.04346682086811289,0.04763209001368817,0.04926130552071265,0.04657925427966986,0.03637757206780334,0.03323994968894333,0.036852816424697114,0.04017346878824528,0.04052492160553113,0.03923764386358131,0.046501947512970085,0.04620395722958292,0.03846083389783413,0.03337956516430042,0.03547417883399385,0.04541050945930303,0.04096797062973148,0.03339594140938966
19,0.028139659059020255,0.031252036352937766,0.033923946225461694,0.031056832487686464,0.026663864893560617,0.027473084482419224,0.03394307242907597,0.03093617229044829,0.03660914605155892,0.026417457942267568,0.01992995112282339,0.03421171521661888,0.020171387781618106,0.031141057438640245,0.02845550257439541,0.03648429205628839,0.026254869159890677,0.0228706394847256,0.021165387024975304,0.0256963128017004
20,0.048349740303722126,0.051109716832603326,0.04450492394415078,0.04281918606462194,0.03144575637096075,0.03406738577553969,0.04260492410085757,0.04675208247723944,0.04399413574898326,0.02815842558030977,0.038127884682382804,0.0277291294712799,0.045697219218842344,0.04251893709664377,0.02926183036582144,0.04867179130303854,0.0409638455057532,0.04372311919351227,0.03997019569782496,0.03354756348959546
21,0.03277531145686274,0.03599414660342242,0.03561417485512253,0.03461068635838107,0.03916549381320573,0.03040549869799018,0.03513969327443134,0.03177040963672372,0.02300167913705243,0.030563439202494623,0.02386593129132787,0.03115855667870639,0.02700432734379731,0.026795430673059197,0.029929475162007682,0.02467983321689389,0.023789934800235724,0.02834325529579263,0.029287497820432825,0.02540111624319412
22,0.027963782215163168,0.027223750920523572,0.03070895460381355,0.025316806257952195,0.026396383946723067,0.021583058230838986,0.027643021056300926,0.02665963087331304,0.024553667331813248,0.023170924320474826,0.025553001591292684,0.021418578235554514,0.023160379784629884,0.019758792650530547,0.02384528030098334,0.02266564906642613,0.023947058819335284,0.023162418446869518,0.02055942794174227,0.023721489234474973
23,0.03410103569441011,0.03647062959554458,0.036860313714574856,0.0328109203061109,0.027650622986546136,0.03269396073146105,0.0314513406568854,0.034708713527273484,0.031566384669859844,0.037345524301952815,0.026435081712920507,0.041480952602503174,0.021802840410674113,0.025049232776892198,0.026836720915828036,0.03225356697909617,0.03650325993451727,0.022287577315661073,0.025821444779961265,0.031745754323527484
24,0.03724072742550701,0.03409662503183872,0.03948591359577519,0.03235986289341841,0.03393398530055187,0.02546767435767452,0.027255649348681105,0.02929696782518284,0.030634833354094806,0.03258502730219835,0.022660279183668815,0.029438323241433816,0.0230444729494613,0.0354265401508869,0.025527722701796766,0.02940937247224342,0.019564242787800237,0.0238513200007615,0.02351834104932382,0.01915618748218201
25,0.03055297965531235,0.030947766588962325,0.031157002481193335,0.03219394523070375,0.023007272980462984,0.02786339013611275,0.02670483118420658,0.040601112686282616,0.030994466433363718,0.02731316597678289,0.021085445469794847,0.026696922316705382,0.026410817657530786,0.023349702362107337,0.0244222812024717,0.030672567909160543,0.02490313133826717,0.025346989513014687,0.025305044497781752,0.03090823409507813
26,0.02384768082085536,0.02134743666139683,0.023386747866653613,0.01720322388079287,0.02519630168837606,0.017539452788885412,0.020123527350392238,0.018780722784177903,0.020061952077344614,0.01897215511032341,0.01715421240849634,0.013850365693224266,0.01219218982201125,0.01701636976461363,0.018970832587052296,0.015650176043902425,0.013819117466100058,0.016969308470814057,0.015096329998813844,0.017010180632790882
27,0.03592125791385641,0.034822578724761924,0.02809574205295723,0.028435056715308965,0.024058699180565385,0.02607373509594449,0.032206810929463876,0.023298884188072674,0.031497808753233575,0.022577975927495345,0.026706545591663154,0.026043972552635943,0.027412146540059957,0.02406978200242969,0.023193524043717315,0.023160766919004767,0.021097754939329416,0.027243996313643198,0.025831812776158498,0.025190235009787808
28,0.04517082097734605,0.041077300652095576,0.03812791669094548,0.03457694454977956,0.0324210736597567,0.03875216879244501,0.039733522077465805,0.03949806405512613,0.04973222867911168,0.02927942959433308,0.030637706685602655,0.0445585472873206,0.03049988376373424,0.02826454464288383,0.034448701268744615,0.04468030849766547,0.03061003788289472,0.02886766905727069,0.028989759431115918,0.027904258631242917
29,0.027063056852231523,0.02642787510102251,0.028580069294328672,0.026818507099133616,0.026203952159758355,0.028069059112955604,0.022696361885964834,0.022159560661528875,0.020437113423975934,0.014969200730013725,0.02325853158339855,0.0248581166751833,0.018912704468341885,0.022035768418529854,0.019060263418538146,0.014510190301495722,0.024753096944489055,0.022408416682235546,0.024278900831267658,0.02304654541722221
30,0.03593588219718446,0.02949609112284207,0.032701249775350286,0.026518099103946775,0.031765871640201254,0.0256121014738826,0.02708037346441994,0.03274109644343374,0.03210345743138147,0.0255351475171097,0.024813064356817176,0.03144650082854335,0.02553954171742322,0.029985345364931575,0.02223535206254988,0.02553635669470215,0.024028777199838165,0.028018781640143247,0.02463111503945049,0.024571719902801846
31,0.036327736018888654,0.03511447784469207,0.032708872702495284,0.030861011945045706,0.028148928984799575,0.028347100445083692,0.0298249628521555,0.028910318049183332,0.02541517423681072,0.025932971314810642,0.02473507391556555,0.02070689533844947,0.023551634251022347,0.02862402149900252,0.026784786683711027,0.03180264298858042,0.022821440423435563,0.029633905610002592,0.0289280326500982,0.022941685309766775
32,0.023527996482726098,0.032163588825049196,0.02990156849011427,0.0263690397339947,0.02501243760753459,0.028505918257062203,0.02328863131559293,0.026781986497968886,0.026622241671529295,0.024001240078392452,0.024379034734802536,0.021941149441471547,0.02377001144153893,0.02051675087211339,0.017786910659173257,0.02215726617379283,0.02317390971624295,0.023081167470405534,0.021221662318020494,0.020374043792110542
33,0.03852880438617711,0.03631393337713734,0.04157569338764355,0.03614922444906192,0.03750327786780153,0.03873997601507448,0.040312445546727936,0.037023294625384506,0.048158395248141625,0.02883366295056424,0.03349699318075182,0.036194294419707715,0.029621381545100776,0.029073375927414817,0.0301976040306939,0.040165241013889345,0.02861765903710558,0.03229826484461551,0.031090674814766437,0.03086191449450219
34,0.027495432554814275,0.023499233431687784,0.028586029719772324,0.024738111017793704,0.029750493966730407,0.022289851949301918,0.02503263378721114,0.021943098800963366,0.026989295510331097,0.01833902855798053,0.023140452479747255,0.027183611689502885,0.026007345750296142,0.02273870860510835,0.02277802438850475,0.019606276892258023,0.021425125592548507,0.02583716496665402,0.02496421700627816,0.025723648097864496
35,0.04082415415782194,0.03947269963782057,0.03644887524591861,0.039782289599901946,0.03193688414819584,0.03607968840355275,0.036687521297142034,0.035042211918513345,0.0328643057808643,0.0314411915904039,0.047526881658988794,0.021147498513448652,0.033423238027794185,0.033894862487620574,0.026759800664464036,0.027655588611188494,0.044484877010799846,0.04360019686995893,0.03893731782242886,0.035298758101752634
36,0.030824892995988444,0.036176313738919295,0.02921136109040675,0.031898398145559205,0.02294167789729545,0.032783739167380074,0.0314893882964756,0.03591757520991784,0.020948119520275015,0.03267576974465431,0.023794817573081602,0.02648681434621948,0.024718044743628254,0.018131700855481103,0.025264133301539628,0.02851503617971937,0.03320013895944553,0.020872641202474455,0.021064653117806285,0.02922086517540148
37,0.032046927673030634,0.03503579144618417,0.0257940922955934,0.02160048093509321,0.02469634563132289,0.02403793323182213,0.031368683698657716,0.02972545212391858,0.035929588309823915,0.02075644669623489,0.030156091684734737,0.029618706101903446,0.026677737065552345,0.02510995413217057,0.019536008539700955,0.02837933199978203,0.021749463249901485,0.03134311260618643,0.03054306343138778,0.025404130468304
38,0.029155229732265128,0.02828712120040112,0.026238346949119452,0.03342111987780836,0.017890765573699584,0.03326891521568868,0.026336163570261334,0.03204349111421946,0.021981352262067624,0.02436880144682066,0.02885213281760307,0.02047044397332078,0.026189641996843465,0.023199908625651564,0.02227939196876288,0.02660466622601461,0.035246965156195374,0.02395729020934224,0.024140580059085384,0.02712429819598621
39,0.027272513109756986,0.026873840121871,0.029111687252309972,0.027802375465107585,0.027185929551971726,0.02774605507260541,0.02374073241159275,0.028145782413268188,0.02886273965154555,0.02602809791231658,0.021203269254251842,0.028740083045670665,0.019739428534490202,0.020034343487081427,0.021409263300886276,0.026124914358686174,0.023765361466734223,0.018985872762613532,0.018749500682021303,0.01721450274543721
40,0.03117075985687588,0.034985673498378965,0.02960155481947689,0.028741095087792976,0.029882313422690158,0.02743493940203238,0.02609869454618924,0.02638935775746919,0.02790168465203358,0.027693273897672312,0.01875073229315149,0.02159897231042832,0.027300312442375595,0.031519074663255445,0.02789299366993247,0.023694891123507835,0.022568498111319814,0.023234745949859765,0.02189627728239753,0.019002579809062732
41,0.02676272661586244,0.02161863747568096,0.026001625419384004,0.022650392892401706,0.022552892713450862,0.023124148315639914,0.024303500532854072,0.024958724031310307,0.02473908305940024,0.026104897741754514,0.018053269327847687,0.01804033814213771,0.022062037833115722,0.016725512941407953,0.0201917413739569,0.022947183006192928,0.021833934748559398,0.020274369425429813,0.014698973759421734,0.018242698425463715
42,0.041500294591787605,0.040255512387811346,0.03553303207300637,0.030916237759441658,0.04289104317610136,0.03114039617437647,0.03336994315394122,0.027083459797564494,0.024772420953061924,0.030967647414976547,0.027726655241975668,0.023775458578916643,0.03376315635875934,0.030474350316804764,0.03268470464934456,0.028101313224479355,0.031695111657904,0.030613385406496236,0.03304042756097012,0.03429102791778476
43,0.04364789868158754,0.032523851387503286,0.036933361030030656,0.04020525541598726,0.04167852321244911,0.03296801694064319,0.03109712670430361,0.03226688150746406,0.028315322562761456,0.037512515436494975,0.039130090604945,0.02266163441561986,0.034172711738166134,0.029262913449614156,0.030446736030141815,0.02047102666947923,0.03928619107995186,0.03420787259531925,0.030256003321185096,0.03248878562380042
44,0.02520680015193699,0.02831497941205814,0.021451143066097387,0.022039414671922854,0.031250898390182004,0.01981762415467931,0.020528413483164813,0.024059687092394314,0.019849291842757428,0.024323151361397278,0.02156257286793354,0.018156235845419637,0.022294105742982358,0.016031150621791834,0.025158343062469005,0.01747192182392923,0.017758045503017156,0.01783002892180293,0.01754725058514985,0.025343399125591633
45,0.023848624397169352,0.02859754779844939,0.028791609484786002,0.025073791096143525,0.03481485373655467,0.021260059793950056,0.02860554451963312,0.018274627575054284,0.02929532550540389,0.026451528252908384,0.022082998671485707,0.018006173664222386,0.023024530018219285,0.019838341272348185,0.026984187585023106,0.02264923624339538,0.023887296751948502,0.023150426698990662,0.020342195948402173,0.022406905696432385
46,0.029241210878769294,0.03695321714595239,0.02993126617519865,0.03251215261952247,0.040030250649175925,0.024555738041619188,0.03116506962005763,0.02380036528537673,0.02134483008515312,0.032823128313271124,0.026818991519561203,0.026857571111867592,0.027698393293023198,0.023660898275120298,0.02660128534488113,0.025713536695718187,0.02496972025283316,0.022027377905017086,0.025074426369562263,0.025650767508521577
47,0.0507475868860405,0.046741912493373325,0.049247812608161544,0.039306026080648426,0.05592579735441307,0.038461265035918644,0.03516707186546091,0.04550355056254972,0.03509471316673916,0.03759328164629895,0.03801498877680861,0.028823946832281892,0.03491913399797572,0.036332177958598805,0.03785421209200429,0.03614153260034635,0.02879884653463968,0.029755261394882132,0.03524817375134336,0.03893338003225448
48,0.028917513520894972,0.030942134033725952,0.027575673434467134,0.02993321081801503,0.037594534476256776,0.024793645457766248,0.023055141342252148,0.030167498092761307,0.023926679299412123,0.02435134436217351,0.026827576611856814,0.02365076205717315,0.027936650013303158,0.023594599060539876,0.03193469541353275,0.020915514308971137,0.020992313639773316,0.020830064648042834,0.021584501283510995,0.022298405794736093
49,0.026721639174044264,0.03033758530228764,0.027108707646131044,0.028564311978382228,0.026518003551407335,0.030223752029875324,0.0259240243935219,0.030581576073404115,0.02367978753792057,0.024674333409611067,0.03261959940624163,0.023059039854754496,0.029931045439369343,0.025746571703124277,0.02708956352628456,0.023793527055914677,0.028823601990507233,0.026163638803037122,0.026740022098571348,0.02588876958625485
50,0.03465497184110191,0.027673426571242086,0.03350454610272375,0.02959497057353486,0.030072547110701123,0.03264030876735545,0.026627097786799708,0.028813461285123614,0.018922527092043093,0.02962592722294188,0.02785477247897786,0.024503560892021877,0.02022487646273553,0.029263564065077085,0.025608675606753888,0.025842080819439752,0.029941088475156915,0.029777639412584052,0.026450023533688017,0.02633913694161295
51,0.033653515375197306,0.033882088781131324,0.03360972108547354,0.032724106570785796,0.027505564413004543,0.032298465185486985,0.03024816092235773,0.02275578506334787,0.027587203999989374,0.02393778787148006,0.03037684784844945,0.02321853742865287,0.024991071992422155,0.03357370203903368,0.01948228323534284,0.03378699828950062,0.03323507968632851,0.03525776178742338,0.03419547977195409,0.021116896324549977
52,0.04875450564023192,0.04247435056901462,0.042171905451657145,0.05022446017219916,0.049017276316653265,0.04866947989275014,0.03424403168497871,0.04539013348680439,0.03530388544161961,0.04297563279782911,0.038434129373981,0.05603627142719963,0.0367829405391767,0.03676528098667039,0.032679088351063874,0.032848678178823934,0.04036221151397173,0.03978923545125998,0.03718056405757934,0.03843896383258496
53,0.01997719485975812,0.02976806611129339,0.02678646408960038,0.02310006029146102,0.02363662192423412,0.024158932359225328,0.026609917593843724,0.022215285768202423,0.02350872751362508,0.032703983962726474,0.0238135364037781,0.0227932952532026,0.020707554031642462,0.019415973173514275,0.01840472649302711,0.018381959149665422,0.020080484408346307,0.023076944847929094,0.02503903549212008,0.022264025356820708
54,0.04351754130953439,0.047382895101016925,0.04148781575334499,0.04170687366684161,0.03944028428289527,0.03472630627624499,0.03489471427770531,0.03181843972032408,0.040094260506965455,0.03373229641140535,0.03270530171059971,0.05097757428732039,0.030866407313180313,0.032243366287094795,0.040555806717388516,0.026590588662211978,0.023612256556950293,0.033637119509793874,0.03347887761058866,0.03828925816788186
55,0.03443490468273426,0.029631643172645643,0.030736095080459463,0.028608292637190943,0.029944201722914423,0.024935756585147007,0.028459589288094514,0.03177484693075412,0.03396529412367866,0.023168027206780836,0.03306066116714937,0.030241562165084033,0.026327561265341897,0.023753220416904204,0.029731016490353836,0.023127181090253208,0.028090591554057583,0.024317504978275076,0.025040106296540517,0.030858021558325698
56,0.041071386948719334,0.045075681727747056,0.03247606691838815,0.04099004151227737,0.03815054902482608,0.04471570189024122,0.042326516765997184,0.029626610300603456,0.03343857955967718,0.03285619212620945,0.03925507511679142,0.03278861780487266,0.04055202564083617,0.03319244659263177,0.034342944299310424,0.032101418828192126,0.03151622064014122,0.038622029566122755,0.03427224525046054,0.03160857074110767
57,0.04080088358181173,0.041194673545518534,0.03468240089296859,0.040326643218932465,0.04370606575694769,0.03604862848183555,0.033663491824543416,0.041185840658723175,0.03149091989609446,0.0397951990767949,0.029458493966549367,0.03176236364771899,0.04053062466085294,0.040487599919485334,0.035420576662216395,0.04087686253857417,0.0309891179766679,0.03292890974824379,0.031954352476581266,0.03434203303946971
58,0.029064627599204366,0.02297614656355,0.020492366521737276,0.029377517144035067,0.022628755603738795,0.0250213922284387,0.022910909610194683,0.022869245693747448,0.020076612843435836,0.020545762323379624,0.024281411394169918,0.015961463128756487,0.023400577027650752,0.02259960259245746,0.024652635442724877,0.023880021745506942,0.02410547300950236,0.02293341157487431,0.021973446000243497,0.021412279976824516
59,0.05135924926137029,0.05657803494703567,0.043447823938651806,0.044654697158280014,0.056879425517739515,0.04208236027650182,0.046940487905532416,0.03754589594351643,0.044578434738584055,0.045679863894019956,0.04028149727725417,0.04075231035536663,0.03391015071307452,0.03427386596841913,0.05476978628700672,0.03936667860629538,0.03623212030896798,0.03190432048686969,0.03761264000481587,0.03869546837689083
60,0.029251211464994625,0.028389606897790635,0.031127671696762945,0.02342736564189474,0.02611282158151589,0.019981875433824826,0.021031353047718974,0.020634357198875256,0.015771556580178203,0.023938719597044338,0.022763052626241013,0.018454839395821203,0.016744457365024615,0.022167741507447897,0.02139876187848699,0.020362834117494674,0.020652344140597443,0.021436117281873064,0.02272891558377451,0.012782877638017326
61,0.04232021130159802,0.03802636874847192,0.03790867322550698,0.04030640913788814,0.03803952051219884,0.029911810818797683,0.033269763204706884,0.04120695019502769,0.040047468895920695,0.03372200836604419,0.024130523400789392,0.04541960079154052,0.024301854986487646,0.031744833826069366,0.031203939987389517,0.03206369050268293,0.030713760492721537,0.02594443450340556,0.026631969325234674,0.024809918444104587
62,0.03131229129571909,0.024526526461649725,0.029968133288666512,0.03125929346640813,0.020191990203304373,0.027839374720210003,0.027317529507221983,0.02564636011192665,0.030325209487591747,0.02204009989090782,0.023109130350818574,0.03697387545039296,0.025290123616663284,0.02362870085884077,0.023603691697346843,0.030662164728107236,0.02495553337170202,0.025085301520532538,0.02161294002332796,0.023757975717336916
63,0.029452613198078525,0.027051943749039263,0.03323409928513767,0.03192110307508321,0.030573330015430805,0.028638509026385036,0.028178988506196715,0.031018249132429215,0.03468899422038494,0.023245747378179474,0.02509900876212501,0.02823875087071798,0.026907174575757458,0.027256758142851258,0.02602081512926666,0.03436006548956848,0.024551038096373875,0.02484342323693793,0.02397363369834009,0.024874080885399164
64,0.027081685981602373,0.026645165992400667,0.027017961852373137,0.0254711743249228,0.022789614695963176,0.026439117524195543,0.02520844007002131,0.022846566498563183,0.018602266073735624,0.022131734844873085,0.020556580926160892,0.021293963182286206,0.02213164944081759,0.020133693598349465,0.01882831786087878,0.023766799920461375,0.02499264275409372,0.01886860361210146,0.021839391394944344,0.019578223543175982
65,0.03651718888693206,0.0327749589293061,0.03572689994889185,0.032508790882847374,0.038388758478830096,0.030836338030260854,0.03316118321151208,0.027418389973312,0.033436454612428265,0.028130268651250085,0.029470418004557825,0.042318119407056605,0.02630599694633089,0.02602600822299833,0.03215031920692343,0.021829168427392208,0.022380252281810852,0.025564776638638573,0.024563871884898208,0.027083627211561705
66,0.0439890374356405,0.032379050240936375,0.03396991745438669,0.042527670465832314,0.036581874539352556,0.04042900024030495,0.031846033169318735,0.03561337265474291,0.03096204843921971,0.035476282455727266,0.03308779744980958,0.02715591557356561,0.03269090095424299,0.03444618631646126,0.032471424332118505,0.038066546867177455,0.036316064053643085,0.03648408920675044,0.03483599471165333,0.036990605401299295
67,0.0212390538772237,0.019913095259073175,0.024729061571537723,0.02501870040189511,0.020131344501117043,0.017594773704235,0.022193577712491606,0.020786031797313326,0.023297768764198173,0.015036611921427502,0.017631866054731497,0.02136847027896227,0.01618070029159038,0.022403142441198624,0.0180707678363749,0.02053783024153851,0.014480301774184526,0.018228613127435407,0.016720266057446354,0.01659255769730113
68,0.04096986899798346,0.038119677852724694,0.03908508483503818,0.032979032119916214,0.04312995858656486,0.030151855920204803,0.03139520778405823,0.028188824873395673,0.029798423615417326,0.035684593421273385,0.025372262285858007,0.023348968296901838,0.027722640176401143,0.03056582603940813,0.027310230439685917,0.018732190868403553,0.02382346632482137,0.022167164009714798,0.027820931467507724,0.022784121844721048
69,0.038652710999733005,0.04750389195121591,0.03510290483956584,0.043705834371638226,0.043595018295483685,0.029351831549414734,0.03357015501961173,0.04651231727585243,0.03603590476130798,0.03545206536555328,0.02746872910858605,0.030366883130119187,0.036402092065674116,0.03878929383084546,0.03576618389453935,0.03805840365455255,0.02848134952799471,0.029590031863844585,0.028722276929214256,0.03074288515237146
70,0.04133430592034993,0.041499896202220575,0.03649103091838234,0.03883105704747466,0.034711460515139396,0.04238146241851232,0.03928861287735213,0.038743174564073495,0.04203458473945639,0.03414611152059,0.04081082737855887,0.033547979608570186,0.03596387448457913,0.036074024876421036,0.0313668817474932,0.03518523884908357,0.03365391947403446,0.04255787559153242,0.040755734863030205,0.037133468901167914
71,0.029806662651005966,0.026368692999988102,0.02629300183594456,0.030819943143781278,0.023043857794131865,0.023661851990681295,0.025364002381339644,0.02666439368851328,0.02389097905486664,0.025175262086373204,0.026219610983354527,0.02061253786105883,0.02539392059694368,0.027411145035890122,0.019617257721618462,0.027013397512451118,0.026456971969539805,0.02627178960210678,0.02238675046414926,0.022379946385803137
72,0.03098249580627236,0.029488227058739578,0.032051836588175724,0.025679371852429484,0.03866015950872306,0.02229873244158379,0.027020124679838275,0.019951577760401424,0.025810523764196045,0.02452694327711257,0.02140121094488189,0.026230009145337116,0.023404474102171856,0.02279163279320238,0.0272450620355929,0.022183524197039423,0.01839281737520128,0.017516400539572454,0.01810628053942783,0.01825229415693372
73,0.03526871452960314,0.028174855908797376,0.026725501273847735,0.03171540587163609,0.02945282225069558,0.021055100620623435,0.02480546232674387,0.02637859862819897,0.023207239357497182,0.02763893938752098,0.03334639570044927,0.021754275814157318,0.03631016004609204,0.025195784506590376,0.02640011309267987,0.02002201888144572,0.0316585797551529,0.030600763807404664,0.028519959386859153,0.02972002963944324
74,0.04136808836636099,0.04312763899623205,0.03968684425678777,0.037204765126383044,0.04087496527903401,0.035005688001382027,0.029795829227277616,0.03108200206686679,0.02838344815906822,0.041496722461464665,0.032149537007606865,0.03152998985606389,0.03548923738651751,0.03278218372940003,0.027444213119185695,0.024444030491598906,0.03329347810786428,0.033968317370822475,0.030727467975829367,0.024589132837578978
75,0.031849804791428085,0.03246576457084078,0.02522737442110799,0.030402493888415167,0.027013617203755256,0.03263140012845509,0.028020076919906618,0.02628511482594937,0.027848744547980153,0.029548973383394732,0.03411663186492587,0.02551410748428777,0.03512223671615912,0.024072659614660718,0.025452454116138255,0.02232651682284955,0.031568225371386524,0.0316386352078826,0.02938952113923863,0.02690951883811876
76,0.03596889313741453,0.04318110183444273,0.036924924156492914,0.046561325777870526,0.040799399007696656,0.03295080459693131,0.03564808536904192,0.035614679371666326,0.03678618754389743,0.03909229488288811,0.03285110410227371,0.04012725401204041,0.027248435356234012,0.028800110888707948,0.0454894927842156,0.03218856015955417,0.030227299046634862,0.026359415073781527,0.027223824110899297,0.021415605969543335
77,0.05815534542369578,0.04645476728563457,0.048807337478987446,0.040973732113005694,0.05346009955125286,0.03962998189594787,0.03892507397022925,0.03913728553912033,0.03674370078246875,0.04311477906858243,0.04064163298420636,0.030046157450283682,0.03941251174570689,0.04839748011761266,0.042573699249387593,0.045391704879617016,0.03257572887213456,0.035861300624050914,0.03476546114339895,0.0447481083041807
78,0.034345630733555295,0.03595612777984947,0.031251840788801354,0.03163051548520784,0.03487212828937128,0.03027290672426339,0.03187781869739121,0.026379792817271642,0.029449145115390082,0.030563068755957164,0.03322764818166214,0.030376457070560275,0.03175260493695886,0.027919857332042896,0.03035527633374899,0.024841306929005113,0.02855892781251644,0.03463308008753501,0.03195968452047894,0.024270135235557877
79,0.029160347284219092,0.028984173493376623,0.02887464139135341,0.025843414629761845,0.02839567397278827,0.02495982891014533,0.02788133356575547,0.03394965309838211,0.027317037990840246,0.02704088095183861,0.026117478032951492,0.0242141320005437,0.02923418430475771,0.01957917888735818,0.020390812499144144,0.022021391347317166,0.027549745135612768,0.0233191312028954,0.022088067059643085,0.025163375758489846
80,0.0380733325535513,0.04338887332679205,0.03795353537594719,0.038243731510568355,0.030138249952491248,0.03726894405255145,0.037005968482607565,0.036149949191791854,0.0327070657288424,0.031028076576961,0.03425679982697842,0.02531004699122729,0.034783513047708985,0.0321693451857045,0.029256369871734175,0.02960309054805566,0.029868776743519832,0.03696550691842443,0.03480762222768494,0.036091527440399764
81,0.0385848028474256,0.03220434582147494,0.032179902338600644,0.03663011732976882,0.030329883188202473,0.0337920480522297,0.028146221092851167,0.02987725762612947,0.02424145770626613,0.02722721941248513,0.029958433794080648,0.03208454419731529,0.03252626314929305,0.02904578033931247,0.024428639459860697,0.023858716066867725,0.0341708175862621,0.028297486411530643,0.028700718846189393,0.02445835373412618
82,0.04268743558827735,0.02829626839312005,0.03228060074624052,0.03372730511794862,0.03366600749858473,0.03511447888666789,0.03384132332671872,0.029051276095377176,0.031618300218073714,0.026627500701310678,0.031205980039266508,0.02253496954608444,0.02990965550550081,0.02895971457525622,0.025675345008822417,0.02870901288470661,0.037156961335961004,0.026618012268884137,0.029652909619214362,0.03314818838314804
83,0.04674395326576433,0.032087767660532486,0.033370017951359666,0.03958914953042453,0.033829385909036766,0.04338442951297662,0.038656021588665095,0.02779198728584474,0.037532331923806006,0.0356552172796392,0.03659965703607658,0.025243328538816594,0.034924206216825605,0.03216483993006603,0.03484945578020166,0.025800456313282108,0.04196383983508782,0.030965005623165398,0.03154042037184121,0.036946707023581826
84,0.025135582215712122,0.033010171457334925,0.03193054114482315,0.027503679187277568,0.03255821856388998,0.030021955712268907,0.032295192403697444,0.03296509358603832,0.031640153292921414,0.024961237315185736,0.023745224013258782,0.03443072095152472,0.029444337187165416,0.020508256925183405,0.023360206707904403,0.015775579381247726,0.026050937072835373,0.02340518273986906,0.02176743343176067,0.023279922824614493
85,0.037584750430958346,0.04635201958387007,0.0379511553029581,0.04473081798617971,0.048253323509132896,0.04425720702694739,0.04589784359064507,0.042466781398317985,0.04766347527094705,0.04661729612331995,0.030075903810493444,0.033330723024182274,0.03632515114554803,0.04045358570441675,0.042424358020180505,0.052587412572274415,0.03269368394967878,0.03726649015915255,0.03573451163414967,0.03636152002419252
86,0.049177078774081485,0.04469699730723506,0.0406825324055721,0.04684650546339704,0.04642969963720539,0.04119626009666188,0.03896211856737889,0.02978722283311381,0.04192498626534858,0.0335511264048812,0.03735948617461519,0.03290021155978149,0.03947617657981002,0.03898807072890629,0.03359205164543474,0.021808260955013876,0.04238989387055109,0.0327738252449154,0.034476399196827004,0.035223539316067726
87,0.04479604252143448,0.04055947549420787,0.04576053304062694,0.04822890809421189,0.041239205923003064,0.03896305298326548,0.03117726351463075,0.04718047050904772,0.03720864849697898,0.04259591627054267,0.025551864978730344,0.033604860508195916,0.03982788684311343,0.04004524283996414,0.04140059116071697,0.03980910467708485,0.029692761144384967,0.02951625071190428,0.02815147209200443,0.028795706485590107
88,0.03764676569908822,0.03288362966885351,0.03340269308492943,0.0325304532092337,0.032023176113802614,0.026114818415455758,0.029358418770330803,0.03016853136242199,0.03259874390604311,0.026173329635979597,0.02754269837838608,0.041778514544752086,0.022726869406337266,0.026505995397300395,0.02599778071800835,0.021963410081661618,0.01968782738208627,0.02301996037904759,0.023656579284875603,0.022626729604463342
89,0.024916036357025877,0.026126625343209933,0.02431475705979186,0.021783119765475367,0.02500725811548658,0.017442823949473656,0.020286235359478714,0.02350124009515068,0.02452781111099113,0.015591698821232534,0.019544425684726783,0.022871521894770982,0.0189003959024741,0.018402456353623465,0.02056771330548467,0.01540184257561087,0.020790565217228753,0.020058864548605893,0.017154164519909997,0.020671301025835347
90,0.03282198980046774,0.03382128708059432,0.03401280872702089,0.03103304929956358,0.029985255129435198,0.03240375177567748,0.03140771653566518,0.030990240256051724,0.029830998734639538,0.031435590693290154,0.02826969717929957,0.03578022308284044,0.02002983207046991,0.024408770369706952,0.024340772481482132,0.03006239191889514,0.02854468317221976,0.02231354933395546,0.02165248869335801,0.027480805941638913
91,0.049564783468184714,0.05469952811524239,0.04226527649025108,0.03683654244881491,0.04363771542190698,0.04373423619064706,0.04248895336813719,0.03620705383460347,0.043383176919885615,0.038577316528239626,0.03985188655709033,0.040337436128233956,0.03614503606773997,0.03384939503936409,0.039811955878724596,0.0424497104430647,0.024885841128494963,0.03350092495185766,0.038097650407286104,0.034792140564227074
92,0.025766633584892177,0.025731948567427793,0.021360091568759617,0.022704596674152873,0.0292689512057254,0.0213089860789293,0.022875413360244685,0.022362641322682987,0.0171208545254554,0.022810703993857945,0.024705925952150317,0.016466345918852265,0.0226659472452436,0.020908599896174034,0.026416082965280564,0.017915442761066058,0.020727066528061108,0.019914736853652013,0.0201384216879165,0.02222300626458567
93,0.020874795758092105,0.020479606725922847,0.023364409532079484,0.022836012040922758,0.02115191525902122,0.024217017518544468,0.02258723870297931,0.02367866699179215,0.02040078813563602,0.022488302595581183,0.020111528255547927,0.02197821692070228,0.018364882550906993,0.018475333735677838,0.02316806908231663,0.020145847486022037,0.016150646987721416,0.01748130436688436,0.020260469563162378,0.019925875082025896
94,0.03842914397809331,0.03613781431114476,0.03270643059739507,0.03637367131433133,0.03513560120659497,0.03139363667976526,0.038725305994191786,0.025098527402398145,0.03249307115509772,0.031212248320960187,0.037889347115819275,0.023435313775931707,0.032398510623493214,0.03175902056992317,0.033385660512139904,0.028536623837546505,0.03554635811237715,0.03137539477349653,0.028867505527458176,0.029865745710266896
95,0.034368778146447426,0.03516013247832573,0.0333791808653469,0.037781927916620064,0.027353445411097348,0.03328124983808796,0.03808084921289589,0.026340829154753963,0.03076249299166826,0.0290473395600613,0.03193161548279128,0.021314189314817475,0.032981764062791595,0.04170490823163139,0.02855065026059233,0.042322947182004154,0.03637036798199282,0.03150722426615055,0.031574570759846196,0.02358602365403947
96,0.025959281960863397,0.03147760633475642,0.028882106875295004,0.030260892009510376,0.025424863981988774,0.02765630478336157,0.027858304975382456,0.030909665674505277,0.02555929977777735,0.031078361635384202,0.03048140981220721,0.03139092595508881,0.029764335760189577,0.022110963758399195,0.028436269548847797,0.023318210012915622,0.02794129544874329,0.027586993486738435,0.0264626714054497,0.03130464200914166
97,0.02948061190109453,0.02880478633258538,0.03207040625876919,0.03125609398994056,0.01892381275999794,0.030944245710273263,0.026684011899150553,0.036087490189374946,0.02143026720301724,0.027945984995964974,0.022370883432536647,0.02727247454866891,0.023185886883985894,0.020609902918950665,0.024067839628338465,0.023275389173207737,0.024788503046547915,0.023103457274380654,0.02495045235282513,0.03370205221573956
98,0.0273501366817215,0.0304991228257173,0.02951805182998281,0.0275051760489871,0.029510218636340516,0.025816534288103408,0.021855817021570984,0.027471689578712915,0.027134270987341582,0.02223003445821734,0.018955413842785634,0.022214892449351275,0.022487114107608373,0.020578365602219692,0.02533910152163421,0.017966741177394965,0.02343945479064964,0.01670184622892755,0.020473711335846443,0.026373258596936528
99,0.030735464928246106,0.026804581731154915,0.027623412640554477,0.020908073562199,0.024731000680405988,0.028015869393656464,0.021229605499823074,0.029249998391218997,0.02447935065187999,0.01873396524778097,0.02424349626800653,0.028990793267707336,0.02210010753324094,0.019695237303501038,0.02259607549370795,0.026376148553801035,0.024645281432411476,0.019240828922405674,0.018933478838989878,0.02223363472855488
