,degree_average,model_DEATH,feel_positive,model_PHYSICAL_SENSATIONS,L2,L3,model_BODY,textblob_polarity,PE,verb_indicatif_future,liwc_Ã©mopos,difluencies_score,labMT,textblob_subjectivity,second_personal_pronoun,score_generical_connector_matches,first_personal_pronoun_plur,verb_conditionel,ON_someone,transitivity
0,0.02595256570897375,0.02316327720197538,0.015503002082929011,0.018151255122696365,0.03384583445917814,0.019702942287549374,0.013543013948947191,0.008388196329120547,0.014286726759746673,0.0,0.007150361832231283,0.019729489218443638,0.01820421404888233,0.005136377712090812,0.0,0.005218842207143705,0.0019364546726768216,0.006482511690507333,0.0,0.0
1,0.0037663063251723865,0.017634989670477805,0.0059661507398511,0.027932763161448135,0.010514240790158506,0.0017631780138860143,0.005193107185885311,0.02972328945063054,0.007677228040837991,0.008710202425718306,0.0073345395891616745,0.018034857485443354,0.004182381087603667,0.013566805279503264,0.008924323250539599,0.0,0.0,0.0143797846455127,0.0,0.01094599996879697
2,0.022403492251100634,0.0,0.003450907737637559,0.010043299043551087,0.019097935624110204,0.004808978263288734,0.018242701381600154,0.01299587551473329,0.02000833268463611,0.0,0.02578758535285791,0.007621520785304408,0.011117930653815467,0.02743657463043929,0.008589115818962458,0.0,0.011028080846493442,0.009893172088389596,0.0069082447200392695,0.005243880908936262
3,0.010829062774156533,0.028522697148844596,0.018516827492043374,0.014265877615660422,0.008395195956341923,0.021023104436695576,0.00916646715020761,0.030057327901323636,0.004310477394610643,0.013542441136824589,0.011325320796730619,0.007993635484327874,0.007733546818296117,0.004575606152415273,0.002269653542898596,0.004357210479676723,0.007565847525373103,0.003139763744858403,0.004758420928070942,0.016281458967054883
4,0.03953356062341481,0.01905991366303837,0.008012146844839058,0.007480222499774149,0.008158226788043977,0.010397402277216312,0.030293942262729013,0.014069524109363555,0.013945617516835533,0.010956049313147862,0.0,0.007480405271053315,0.0,0.007828583846489585,0.016448692979291076,0.005712504675611853,0.0,0.003981566842024524,0.014868155034879843,0.003854176688008008
5,0.009944795689235132,0.006278148290701211,0.01761371257156134,0.005860183008015154,0.023033566199243075,0.0,0.0557089784362664,0.017900889062633117,0.007992999907582999,0.0040083235437050465,0.012855585612356661,0.008605192001443359,0.014516326255475472,0.015695575159043074,0.007045714973161617,0.002412171619944274,0.004491740837693214,0.00929280130347858,0.005574725891153017,0.004986412419006227
6,0.028114301651716245,0.009370444296083106,0.01121255162979166,0.0035644051237031823,0.021434872132105133,0.026213765958944958,0.004537533948818841,0.010608133983487889,0.019641184316016733,0.0,0.007391778849142914,0.014554771496603886,0.005188590675592421,0.02487166204303503,0.0,0.0,0.010588175550103189,0.00427352171111852,0.0,0.01496333853248507
7,0.017599402685649686,0.02329220607783646,0.002452614068984985,0.016822420916209613,0.0117961875187854,0.01679534260928631,0.019364880817631887,0.01804149369243533,0.01597409950941801,0.028521785410121077,0.008977696254849432,0.004495632950216533,0.0,0.003812357466047008,0.011889679760982593,0.0,0.013995563839872676,0.009081496705611546,0.00899247496171544,0.00911583171412349
8,0.025903560400009146,0.022072249187467,0.008283387919577459,0.01165282576577738,0.019119689630965386,0.023522425009558597,0.005123520165681838,0.020947305105471364,0.008559217511986688,0.01116953548478583,0.022187561169266692,0.012081977853551506,0.008043900425235433,0.005138916780861716,0.0,0.0,0.0033728859561185033,0.0,0.005535810799027482,0.0
9,0.017539949358751375,0.01849157973906646,0.02484481432692458,0.0055704334069353835,0.03378322800745566,0.008140350182851157,0.021716814705481133,0.0037556110161046184,0.009260368488728998,0.009370435787985722,0.0,0.012895219036067523,0.015022901732164123,0.0062354550248322396,0.0035572107299230993,0.0036321646136542158,0.016664898107138774,0.00742295457050204,0.0,0.004880063616981109
10,0.0235535696875304,0.03194256094765539,0.006966538727283477,0.017719373923726377,0.006134271098921696,0.026016862925762923,0.005288031679578128,0.01948121274573108,0.0,0.0031970889552806812,0.006429320666939021,0.041559466783578185,0.014737441463395961,0.025839214796821275,0.0,0.0,0.013657537193503237,0.007183275036513805,0.011801697536837312,0.0
11,0.0035452020913362523,0.013734289321737984,0.019675034311289582,0.04083498925374201,0.016607929273198044,0.008424384371532746,0.014281200512312353,0.011350875349715354,0.0,0.004904933651288352,0.009124577018121879,0.00884083485386024,0.0,0.0,0.013874984795538087,0.008560444811979928,0.0,0.002739253230392932,0.012993622717447575,0.0049292939777175575
12,0.01744447260598342,0.023012986112851644,0.013592242872963352,0.017652619024738667,0.03251026614755392,0.013426149066537623,0.013385459614296751,0.018482091031037276,0.0059890393664439505,0.027213280939186603,0.007440532850101589,0.007774732835590837,0.0,0.006797422654926777,0.0036145745671043797,0.0033118773112073524,0.0,0.0,0.007085445064430437,0.006754428097978235
13,0.010607444241642953,0.021503619283127287,0.01786461288233598,0.025541196603327987,0.011722701888531447,0.0068864568894108115,0.009963570270687342,0.004694593833448986,0.005809096912542981,0.02239320384835204,0.0,0.009368271114925544,0.010542275239403046,0.020239041705926265,0.011457021728157995,0.01833093754062429,0.004706878522410988,0.00790864915478354,0.007640717542575049,0.0
14,0.007680360160768031,0.005375710382126271,0.009413905806218585,0.025641563014437756,0.0,0.0,0.02678126919362694,0.010703483446190758,0.005764298010617496,0.015651972786833845,0.003605598004069181,0.01601715013384819,0.008124300315044818,0.040164961954578755,0.008873070577625186,0.010235415251304709,0.0065239545777440065,0.0,0.0,0.002788062427192926
15,0.023430503956973547,0.006113847739994527,0.013134722989052534,0.010554127606873713,0.041297953109256914,0.030470095707414057,0.0,0.032364610860745116,0.015608113060084477,0.006609510607318952,0.0,0.0057743079029023625,0.01493746350581447,0.0,0.004069306496841212,0.015186709752927224,0.015006882431606453,0.005354822129011155,0.0,0.003354416591115294
16,0.012766945425421,0.01834395057925333,0.019688081128833194,0.001420671886454026,0.02934114866144955,0.0,0.012635581846659383,0.023995975212504468,0.0059875114665677125,0.0174167905356735,0.005867262769490479,0.010538579943589867,0.006487653424342474,0.0038873598491773005,0.003491534064213432,0.01628465684906891,0.00799389393720776,0.014103281420655546,0.0,0.013026595907441029
17,0.035571763701116046,0.018105723278907436,0.02729366838869948,0.009064579572528599,0.006622733082622291,0.019400351451088985,0.017602409448474642,0.0,0.0,0.02080845747577648,0.03754653311520815,0.006024245191365479,0.02255016576405615,0.012309290243312721,0.004544954171404242,0.007603887133300303,0.010180365042760965,0.0035308576822280892,0.0,0.0
18,0.014365570646400257,0.03490909900081655,0.019575010869962477,0.027837018808039522,0.0,0.023572495883641145,0.02523000853757064,0.014492945558391509,0.01427257030457259,0.01863326176411162,0.009541482167939347,0.005320947433511418,0.005418574195355178,0.0,0.01680940082855522,0.0,0.008010735735297203,0.008159856462385503,0.004616593239363283,0.0
19,0.007658591356128453,0.018302517978474497,0.012271446137378616,0.049425095771128934,0.017793784544647986,0.009625918398921688,0.0031146573324998214,0.010653084343920151,0.0046967398977528,0.019969111562085647,0.007054951963014899,0.013410128745716066,0.007062492392025887,0.0027854950359712046,0.012279621667228634,0.017309873173944654,0.0,0.0,0.0,0.0
20,0.008822928197681901,0.008223524847843996,0.02327006136936446,0.004709751930087806,0.02432689942419529,0.0,0.018892120178788902,0.013634006214328111,0.014823440387845038,0.04950547165299455,0.014816162607943018,0.00489643944427371,0.012312583270172277,0.0,0.006051873543610174,0.009756808094369868,0.014298382030799982,0.009421846483523646,0.0,0.0035985071274141477
21,0.012459924532100557,0.03336438518886765,0.01522664390752713,0.021884628497684987,0.0,0.02525567847987016,0.03142232497843603,0.022543609671915564,0.0060806708273788285,0.002445486729343731,0.011422918273136021,0.0,0.0098126644367973,0.005126051589846611,0.0047458177227526896,0.003952699902467429,0.0,0.00704116001725197,0.005494122759749494,0.004660723386953274
22,0.015951090886878475,0.0332193119538327,0.012047976770748694,0.004970410030645628,0.005626590549945831,0.027293633687309922,0.011927590983609359,0.01659103264535467,0.005678646316130956,0.004859209261058519,0.002801427050027996,0.0,0.030257759480116272,0.009667194261215628,0.009272199663644034,0.008110678172670307,0.0033802176111688217,0.006643937323242423,0.015216253704546637,0.011922294935832422
23,0.01689441081198553,0.03623051106122632,0.013717009649301571,0.011906838425435128,0.0238669032426551,0.0,0.0,0.0034783262697358915,0.01647367249755189,0.008264057477315267,0.006211058205614488,0.005184151791036129,0.007463159933686259,0.01467639013131459,0.005977156828933709,0.006713901814073326,0.0,0.007726636023571093,0.005868787318468094,0.012470736873646577
24,0.026685641329735513,0.03238780135273311,0.025958757318556302,0.00928713843366131,0.015878504142165187,0.025431384294449036,0.005812268480658531,0.004646447677786151,0.005632640579094489,0.0071018574088811855,0.005724279007719208,0.005959440174202124,0.00530338089292248,0.01988854584346215,0.00458036049082875,0.0072602633571562675,0.0,0.014871493467440213,0.0,0.0058391368985176075
25,0.03003477931876357,0.010467651668936014,0.019114709018419187,0.0028671327698975803,0.00793188965320587,0.02248981477133929,0.011714534870038429,0.005806683748960495,0.017855731583510833,0.005532893971850473,0.0,0.0,0.01370426959792773,0.0,0.0023881089414159455,0.008492946137363708,0.014455608840100465,0.0,0.003551803295811018,0.00830257703860601
26,0.042459913549323866,0.010068147337685029,0.0038940402702428425,0.014281123327091335,0.01386616188411912,0.011742778299997252,0.0068776454553008065,0.022566041029524062,0.01940794585645198,0.009274193318560721,0.008229224011301994,0.014865959540940823,0.009802148452649512,0.00987011733278632,0.00336219769809395,0.0,0.009905608986814819,0.003788140086767573,0.0,0.006237140819430351
27,0.032296150798598926,0.0,0.03544447368662804,0.005598894819617271,0.03826516560465097,0.015812887560576205,0.0,0.009470268877223135,0.0,0.03653129355826725,0.007682005524635312,0.03829193821921944,0.0066461436885098596,0.0,0.0027906586155295363,0.015031706496917948,0.004049718181757876,0.006980540530756116,0.004907413545995951,0.0030001994222402573
28,0.011799192176510893,0.023220982287389533,0.013608864676207304,0.018047507780293626,0.0,0.02702379669932029,0.013629803797851009,0.010752612470338742,0.006095523200929165,0.02686662040402492,0.00787921139318496,0.01818749631196261,0.01854618608392775,0.0,0.004694457778707146,0.003927510023117067,0.009238764749219022,0.0,0.0,0.0042627803608775135
29,0.029074079945450637,0.010671767653897407,0.01194138264656067,0.014553587822864455,0.022231272137568637,0.004865951548330486,0.008343161165869483,0.02035053996865948,0.0,0.010726692275454603,0.02304054988315329,0.0,0.0,0.012041288542871674,0.009951337785149615,0.016838709088973693,0.01732688237385203,0.0035954651087522493,0.006433602562174201,0.009575883455264072
30,0.031490956090545905,0.012850359772021576,0.041993692837655534,0.011902637000195686,0.02395588841537634,0.025395465133090808,0.012977768063545229,0.026236496866991126,0.025833318540826437,0.004775128094168999,0.027468124195933342,0.005737248140076795,0.013673156202149888,0.008821371157964074,0.003591135916610559,0.00654655164324989,0.004437394726555796,0.0,0.0,0.0
31,0.04926766543990624,0.012241208838919798,0.0147093496012191,0.023829086500685662,0.0,0.012744595410923163,0.018900035656988615,0.011910681528660158,0.005630638539791107,0.019648540577851235,0.0050883717102309075,0.004137121952138843,0.004369847059249879,0.010955943500157446,0.007578841371461749,0.0,0.004367959870646396,0.010614584136443837,0.003433622237915794,0.01775152386911213
32,0.0,0.023662020367259784,0.005437166596452394,0.009771017907497787,0.010201036260152858,0.010039508723343415,0.01797437749989331,0.005539397553230328,0.004703247976799806,0.011599945363278191,0.011612167118893313,0.03872396031891307,0.004992356576025486,0.0,0.0057699309739594655,0.012386972724149625,0.0,0.007176430409463746,0.03236354497447611,0.003211744601527851
33,0.018564508201709636,0.006521852155526479,0.033517451949728036,0.027922200787967692,0.013595988562951484,0.0065242437832057475,0.014059952723483241,0.02184659399992476,0.021318993170124794,0.007534489035606383,0.0057526032367410775,0.014478350611714024,0.02276617831705759,0.014474328607320787,0.007113163010838131,0.003966490207239983,0.0,0.0,0.0124173118500039,0.010430871242036422
34,0.0363965556671222,0.019805288526540003,0.012337978161095333,0.010027388027869165,0.015125957685833176,0.02372245485180368,0.0,0.007347361682603758,0.008536319063355524,0.012308783534293377,0.015910732951636117,0.02033665026538074,0.0057633314542472345,0.004056575560476632,0.0018045289539732048,0.007701022597029803,0.008390485627266268,0.0,0.006727631789942582,0.020591732369114945
35,0.025636586434518306,0.015288820744802556,0.022195194638023774,0.028159269817794364,0.0170889789396897,0.021527971633709966,0.03690289575466886,0.011660609185850868,0.008292999118566513,0.01721158597556253,0.006292868432899318,0.014353816610295316,0.010438239490458122,0.004212552499957383,0.0019635824334497246,0.0034894454528888053,0.006065469373638434,0.0,0.005034333750295143,0.008005296455541006
36,0.02626359886024148,0.01752019390991578,0.03904357558240492,0.005306612883384027,0.0,0.019163310534631207,0.02845312315830961,0.02995809863942365,0.010338782588019966,0.012577011962731676,0.021021275257536515,0.0059708482970794036,0.018874714413657786,0.0,0.0025083881088842934,0.008797874941801032,0.0,0.0,0.01199640769992644,0.004468373185023665
37,0.020775349178972346,0.0028261106867964064,0.02464483538114776,0.007343251836796603,0.02492697808146476,0.030572094889047254,0.022458702982713782,0.0,0.006438372861593962,0.006578550696372985,0.013176651551698646,0.019561503646584853,0.01393858192798992,0.005861887186765671,0.0,0.0,0.011222320164864262,0.0,0.005291646774547796,0.016653056027678158
38,0.0,0.039670048051668946,0.006400515187531712,0.01574403910463055,0.03266452334821223,0.00966505431725333,0.003481813987717034,0.011559276503200327,0.020599486456873522,0.013756247551490861,0.01201796154895177,0.013379874099045992,0.02805111956658463,0.006180638270763058,0.0,0.007137304285541177,0.003759334239643066,0.007553859477552274,0.0,0.003562254059438905
39,0.012348388465742273,0.011118526499097546,0.0,0.011608717019359274,0.022125733830034734,0.011250008868674437,0.013086849057736499,0.038344278455401455,0.009148163450881838,0.014010967388283465,0.014688447189827765,0.0,0.006229965162773928,0.0,0.0,0.011007372494166097,0.014278775117049615,0.02157707951993991,0.0,0.003945685710757971
40,0.050341239741072054,0.006044481493532659,0.015011783586970221,0.004301038696120182,0.008838797732256353,0.009013525349398454,0.0,0.01046952006779611,0.017143967539692915,0.017859082619349168,0.0,0.011276828688879807,0.01719848786666989,0.0,0.014080691960640252,0.005039551295340062,0.008606774078216405,0.003998840376734733,0.0055345442903538536,0.0036076059015467767
41,0.016770723213752108,0.014860700337837143,0.03457694247349474,0.019094411614661414,0.025717964211789266,0.03077923707539836,0.0,0.009489356157835574,0.01648745372053236,0.0,0.006288252562594914,0.013764926847070456,0.008531595651060342,0.007736882368723551,0.010338375782594085,0.0,0.0060132494121789976,0.0,0.0031199325248599044,0.006309949621558189
42,0.0,0.016559980191445597,0.004280095738358796,0.011738376097443203,0.009212214062611261,0.014396257551076513,0.012033900768496095,0.006734673522102335,0.015525541036700211,0.01757990894528727,0.004998827626307805,0.014671933399513367,0.0043342373077757635,0.006049212999641895,0.037880310285526006,0.0026224358764787513,0.005079451853564629,0.0,0.005803533177822829,0.008745447613298893
43,0.016734678962578377,0.011921558642915142,0.006545052528381346,0.01514257584698499,0.02936450885872667,0.01747653366687397,0.007967590890824796,0.006856185849756002,0.02829604896344245,0.00993554144538939,0.00937993463687599,0.00791100961714983,0.0038592798076570022,0.009213057562087972,0.014821467510114114,0.0172977437164324,0.015116608833428472,0.0,0.0029485714392115665,0.0
44,0.014893656482920053,0.017096750828127068,0.016574665537104006,0.00567761478355775,0.0,0.006484385337059695,0.07818550831948719,0.014089469658366098,0.007262921333312989,0.0,0.0014869387671351435,0.01514665374346077,0.0,0.014602867423246298,0.0037302090845381247,0.019519734318057695,0.012232692840198674,0.005041488639389474,0.01589631944087644,0.0
45,0.013484385610402874,0.0127087563239038,0.0025947614045192797,0.0,0.02403281390356521,0.008572576860586803,0.01267834795390566,0.002965240050728123,0.004950264666695148,0.00808467818191275,0.017617268413926166,0.018485015361259384,0.010564065407030284,0.006986611634492875,0.009708212699430684,0.020728603363968437,0.011178785351415473,0.007894225213521467,0.007387820702667036,0.005308414225156109
46,0.004583637688308955,0.019636239966377613,0.014722854000205792,0.004107080352803071,0.013704483471810818,0.007561841530104479,0.015030129548007,0.013244389600120483,0.021912311907547215,0.01308426056988538,0.017625220581889155,0.0,0.013856541081642111,0.023019612734516463,0.01442342933639884,0.008068058639764786,0.006292036771774294,0.0,0.0079310027671357,0.0032349043606470034
47,0.027790830172598365,0.012853658307343726,0.02124802535337706,0.013120114293880766,0.01884313031596442,0.03263378399827828,0.011994116011696561,0.007337360127829014,0.010973192067816854,0.0,0.012042622754039863,0.0114625272488532,0.0,0.0,0.012811444229135912,0.0089539258616666,0.008842137614265087,0.007562603756474952,0.0081771652251482,0.004552269142741957
48,0.019518953391040365,0.012960862135204173,0.003620147190367182,0.010871742585518705,0.0064047830899556495,0.013252500322957831,0.018357658995004984,0.01926341868331656,0.020299916353387137,0.00318004104308784,0.023648339362815025,0.01275035963455836,0.013902559833290678,0.02442751852236687,0.018214119014019765,0.0100556126452672,0.004673207458108663,0.0,0.00407156497053802,0.0
49,0.017937807004588347,0.023584414483358462,0.011212265004093449,0.02981295774954681,0.0030707929683849227,0.004494454016288121,0.013424571550140778,0.004146050201418499,0.007396371285741528,0.010666171912103891,0.0,0.013022355849544209,0.006098609479765097,0.0038870408277337765,0.00867327607003972,0.002796097538433969,0.005022608687635511,0.006593397051406403,0.004645024385924141,0.025460442187264568
50,0.028193277296299727,0.012702043447022634,0.0010258409737919766,0.01750247733077655,0.008052650817359489,0.010371308624744415,0.009888287548596658,0.016397082036361102,0.08407402241292103,0.034119634610911206,0.009187312821547191,0.0,0.02533153160413106,0.001027719390889009,0.0,0.0,0.0,0.0,0.0,0.0
51,0.023248631786555056,0.01636795158342769,0.02659002439336231,0.004277998438725868,0.02275607177366813,0.014814096987247474,0.02319201693311334,0.005600968381855636,0.013995952642212308,0.011643782379105686,0.03403918815776707,0.014336021679763992,0.0,0.002552766893059016,0.004060769750115772,0.003827675895454984,0.005104083885749181,0.0044473364766066245,0.005861704517155886,0.0
52,0.03745878310501575,0.01471941259969026,0.024775967713445417,0.02318380171277871,0.0,0.0,0.005400223582983016,0.018876339263748376,0.010149978497996925,0.004699043912192184,0.010785041110279663,0.0,0.03353456228412687,0.03278163040739795,0.0,0.009193931818008424,0.0030935171199962513,0.003252346016932279,0.0,0.0
53,0.013960517888267833,0.002337682773669561,0.016953914000342286,0.018844068189772464,0.016062354553490876,0.00861939787492156,0.010731531242529553,0.020693972967565054,0.015119864642620091,0.01314476527273655,0.00583761298408111,0.016985531537172693,0.016112792491912848,0.0,0.004000092381611467,0.0033086207658052443,0.0,0.0018734525513524809,0.01504159353797635,0.008525613754522056
54,0.015330130446702239,0.013691928715445105,0.013924436959438029,0.019485762065121284,0.004091562541822591,0.0,0.005756420485364893,0.0407177252486969,0.0,0.0045552069991827,0.016087904900312432,0.009690971967919414,0.006787634454667568,0.011933390564285214,0.0021536753261461863,0.01600708282738924,0.010550667438656092,0.0,0.011542335632722828,0.011327454759273674
55,0.004479378997348249,0.020474691317416728,0.00951770344376564,0.027969540806331978,0.021532455664748946,0.031143698208189255,0.02641131444958349,0.028685078904964034,0.012497890356307228,0.005502584024177243,0.009847361075381438,0.013047410427903139,0.02120260800343628,0.0,0.011233869182256365,0.0034490909874439228,0.0,0.014439096526863678,0.0,0.0
56,0.031542877536887934,0.01296647877680759,0.02362398681230843,0.011413244360436996,0.0,0.0032096097199246277,0.0,0.0,0.019820435755575697,0.013738315037762128,0.012749307200312619,0.019251022503400845,0.011805875361897053,0.0,0.006779397507508598,0.003444019084175428,0.04037132065184415,0.009886851497925817,0.007776236625388264,0.0
57,0.021925090311250332,0.017267692357922592,0.008827806431800127,0.019895303971134124,0.01610147460115453,0.009003493976468845,0.016181520993821325,0.007084612575670082,0.01544726041859637,0.0022623667741815253,0.005237373399237791,0.0,0.0,0.02696273103356361,0.024694323548115786,0.0024227140403042234,0.005790816098141174,0.005567874808330086,0.018871131266156835,0.0
58,0.020574130649367972,0.008821629886515442,0.021810888266811775,0.008187808326755962,0.014980250966424741,0.006937693503995734,0.006245368979871276,0.0289890918880701,0.00912655666284263,0.009323774004975955,0.014820852864068005,0.003852926827967169,0.028973260906835392,0.004901764194170632,0.004778929250314831,0.015647596832054356,0.0,0.006193466056138277,0.0,0.008624223368863265
59,0.03709276054054499,0.007655315354466437,0.02348820862422387,0.014035912504419686,0.01120198827981949,0.006847499139917393,0.02245330226421356,0.00399708845714728,0.011036672758559385,0.014569351755082605,0.01686480043642223,0.0,0.011706974740450581,0.015754649096479018,0.011997015412896873,0.006248699799180029,0.0,0.01785203267633915,0.0,0.0
60,0.015687648073459664,0.009081082271101574,0.006453894310320416,0.0067610261930773664,0.0,0.009574317555253706,0.02732096390922865,0.009511817113341143,0.02594371116844316,0.0,0.01349247623234987,0.0047040394150341565,0.015097666233778005,0.0,0.007759468951572977,0.0,0.010568287521600724,0.0,0.02812738812807947,0.005590207213225465
61,0.023237100213766095,0.026142951587835948,0.020041328692187863,0.004432143951455752,0.0,0.01481959640358885,0.016330154418945305,0.007708342658976714,0.004199937261641025,0.014075031969696282,0.009507116990474363,0.01408319711498916,0.005017827956937252,0.027148760207773504,0.023089150568780803,0.012295094513334333,0.005877980989714465,0.004471103579271584,0.0066755960136652,0.007416423499273756
62,0.03707056343865891,0.01637277270449946,0.007099761577788738,0.026225392283406104,0.029092812626933046,0.01758353829601158,0.006725751310586931,0.005812196431371072,0.034598426982449984,0.005928715925663711,0.006999467582752306,0.010602320011705165,0.0,0.0,0.005023609168361874,0.006584708705544473,0.006589006093020242,0.016387705922126773,0.0,0.0
63,0.023330096811677022,0.018047382946436607,0.0119747301992029,0.045055363407979415,0.016447009851535164,0.008097907982766628,0.006486656144261359,0.0044012029877242955,0.0,0.027418167334049937,0.009168345191515982,0.02363508681246701,0.004092666320192316,0.0,0.024027842943867044,0.007197935455789167,0.0,0.0,0.00682065295800567,0.0
64,0.0213073877611508,0.009319344996164242,0.009339233544034264,0.004177156707271933,0.027357628127870463,0.0030398039333522325,0.011066707693040368,0.005038252586498858,0.0,0.01446528803929687,0.01151984460341434,0.006497758873272685,0.008616726460556187,0.020843780100345613,0.006610602326691151,0.008048591569531709,0.011021251594647768,0.0032548393743733572,0.0,0.015724237540271132
65,0.016597361810505397,0.03083032551469902,0.0393561546706284,0.017168015183104825,0.00636866395516942,0.02586084235614787,0.0,0.0,0.023759842093102633,0.003894629495218397,0.0,0.0,0.014707856898506485,0.004540740844793618,0.005564164132500689,0.0,0.0045271037000541876,0.02344199890891711,0.004426854662597179,0.012766781944471102
66,0.02215832771795491,0.0299399293527628,0.012410257978364831,0.007633584486320615,0.01619394369547565,0.010630760397762059,0.0,0.012534148896733922,0.018552488814108075,0.007999443769454955,0.005989104096312076,0.0076363783689836675,0.018964323329428837,0.009641365205248194,0.004625652329375348,0.01890210272868474,0.0,0.010318023360334336,0.0,0.0
67,0.007766851117213565,0.021598341026032964,0.023044875812716772,0.016441453014810883,0.02598076902205746,0.005134772328659892,0.015548925764858723,0.013724140954203906,0.008512258948137362,0.010814134246359264,0.03752187418565156,0.009536327781776589,0.0,0.0038637141678482304,0.008860505504533649,0.0,0.012290192798400918,0.0,0.0,0.004421973166366418
68,0.01897150364642342,0.01172548842461159,0.012644732588281233,0.009885359498982626,0.016449213400483127,0.02050065183391174,0.0,0.01925515909430881,0.014443707522004837,0.007956973277032374,0.01590542140603066,0.017245641495411596,0.01133697605598718,0.024065136206646753,0.006283852431923152,0.0,0.012214066607411951,0.0017230956659962727,0.0,0.0
69,0.04802368680760265,0.0414645777149126,0.010383577004075053,0.010867516825596491,0.008731933753627042,0.003459840425600609,0.019667567119002343,0.004690632045269012,0.012593104218443238,0.0,0.0,0.006036904410148659,0.0030184595175087444,0.006551367112745841,0.005986675685892503,0.008331339033320543,0.005191938083153218,0.0033544753193855293,0.01399188891580949,0.004737761019108196
70,0.028673334794119005,0.018474919468785326,0.021085282886556044,0.026681493338507906,0.020073796087875958,0.02108308067716038,0.006625563319772482,0.013786177437752489,0.00837312894904365,0.0,0.01560082156956196,0.017951411503056684,0.0,0.00824009347707033,0.005016766972839832,0.004052966264076531,0.0,0.00410537721309811,0.005092560935765503,0.0
71,0.019532490783060585,0.01386858458599696,0.007765568622698387,0.0264027942928175,0.023994213882833716,0.017613416457238296,0.013377045780420298,0.009578464614848294,0.0035671023004688334,0.03228583998481433,0.004541680909227581,0.008084409777695934,0.014429641921694079,0.006351768245299657,0.00665780168833832,0.011021546002166966,0.0,0.0041228157109580955,0.002398679268856843,0.0
72,0.01634511841647327,0.007269300170242787,0.024632851075381042,0.013179950104871142,0.0,0.011571180502573648,0.013784214902979632,0.01099083516250054,0.01793888959661126,0.006571422647684811,0.017236556386575105,0.016280570533126593,0.03009051050121585,0.02368411123752594,0.008439812794948619,0.012138279818619294,0.0044525880161672814,0.004384544435888532,0.0,0.0
73,0.01904591855779291,0.017602669065197307,0.01472449418529868,0.013473653764929622,0.026202552032346536,0.01361059371692439,0.004157299368331829,0.04109267757243165,0.0,0.021966007974619665,0.0,0.017468800832207008,0.0,0.01890158611039321,0.003106186606610815,0.006529226134375978,0.007449707933391136,0.009048918138879041,0.0,0.0042717073016489545
74,0.01317424544878304,0.008974523494951423,0.017834326596309742,0.0068317559926460185,0.0178211036324501,0.029305900078887736,0.01853016018494964,0.0,0.02261545268570383,0.017642435866097605,0.011013741282125311,0.017936003140484293,0.0038279507046875857,0.007612199965864418,0.0072512395423837,0.0,0.0,0.006338611189275978,0.0,0.0
75,0.03903802083805204,0.01244170585398873,0.01287986852849523,0.01791569571942091,0.010898912842385472,0.022405819798664506,0.016839980244636534,0.027338414399263766,0.0058857503430917845,0.003648586766794322,0.006418207469396293,0.02664428385176386,0.018560667532806593,0.0,0.0062350667112817375,0.009417224210997421,0.004048799833282829,0.005601672410964964,0.005173181536917886,0.0
76,0.0248706900185595,0.011876119892112912,0.005848859333122771,0.019679024395843344,0.018795545396550244,0.010621327580884103,0.007350199432422716,0.006682030664756892,0.019667801585669324,0.017782222135923804,0.02133934921522935,0.0,0.018099851100395126,0.007012982318798701,0.0030357421487569804,0.0,0.014482792243051034,0.0042568148622910175,0.0028288936614990243,0.002902892381884158
77,0.011160640188803276,0.00902053111139685,0.014375118657170482,0.026099416560182966,0.01595345621835441,0.02424612507596613,0.008317355678106344,0.025165274143529436,0.016058673561705896,0.005116448272019625,0.008576536426941554,0.007512013408665857,0.005196135763078928,0.02835123147815466,0.019242324730381365,0.012124137296341358,0.0,0.018329098398486777,0.003988564655184744,0.010594976475462316
78,0.018376870740205047,0.024656345796616123,0.03998832885051769,0.013922471001744272,0.02151367760077118,0.015014178951581322,0.011043140471136819,0.01712182194646448,0.016607450522792836,0.01214132853442182,0.020606741324067115,0.005719234133139254,0.0070764004364609724,0.0,0.0058034898365537345,0.008934615708887575,0.0,0.004085714782898624,0.008497756970735886,0.0
79,0.004291672222316265,0.030282285013391325,0.010786109662304326,0.01745535446439559,0.003845341177346805,0.016097881232077876,0.03376105778679873,0.011313191976708669,0.021071770728100087,0.008625830173802872,0.009596025047202908,0.018084187374139825,0.0208426393121481,0.019825811164453627,0.0,0.015126140049969159,0.0,0.0018323497027158745,0.004211642451584341,0.0
80,0.03644547654191653,0.012595079130803544,0.0,0.006901581387966874,0.013151750010748703,0.029747725959556808,0.011199502254525824,0.024321847029651202,0.0,0.0,0.0043496465124189835,0.006137586943494775,0.009071370979150136,0.0,0.004505634573598703,0.007912650008996328,0.008027549479156737,0.016369231483899058,0.004128493005254615,0.007035793573129925
81,0.032700591994449496,0.010020927962226173,0.008006000648563107,0.024625935784541076,0.0022547648980592683,0.015120456961294016,0.018978726128737137,0.0,0.020322066744168598,0.0,0.02153956184784571,0.0,0.014431823881032568,0.002168774837628007,0.005278933684031169,0.0,0.0,0.0023658344329645226,0.014304433120880275,0.003903899397701024
82,0.02856090088561177,0.022732010067751007,0.016483870321263864,0.0,0.01888577836658806,0.006927564486861228,0.0657129071156184,0.00895760088972747,0.01384215306366484,0.00543586204263071,0.01131565100699663,0.0,0.0152313159952561,0.015187044863899546,0.005699175581336024,0.013970888718341786,0.0,0.006105818791314958,0.0,0.0
83,0.012538174704027674,0.02948019968438895,0.003064921451732515,0.0066101762354373915,0.031226587524327144,0.014503197535872458,0.00717235103622079,0.005100007623434067,0.013719929829239844,0.010722190977074207,0.006103933786662917,0.0036001858937864495,0.0120991180340449,0.03446217785527309,0.005637747030705213,0.0046218810416758065,0.0,0.02152802328315253,0.008633495950450503,0.003795245669782162
84,0.034840592180068304,0.01684153941459954,0.027151793641969558,0.015438965347285076,0.01785698277751605,0.02444183422997594,0.0027801136293758946,0.04081253956506649,0.02058753659700354,0.02057841683086008,0.010766226028402643,0.002934143421550592,0.02749272387536864,0.006992995738983154,0.0,0.002096679322731992,0.0,0.0,0.00334362405134986,0.0
85,0.007547372759630282,0.004494342981372029,0.023197209792832536,0.032351815317757424,0.0060215431563556176,0.008502818662673236,0.011682141108748816,0.025122071621008213,0.010605357870459554,0.004572637649253009,0.03478151311166584,0.018976379656853774,0.008257744193077088,0.009984112344682215,0.00819100352562964,0.0,0.0,0.0,0.004185310217086226,0.003973825179661316
86,0.018271027071401484,0.020249171795633927,0.009082733653485777,0.00840781758601467,0.0108014149107039,0.006519407821819186,0.014412861965441457,0.019228043825055163,0.006201384882442654,0.010360638424754147,0.005915607348084451,0.022029309691861277,0.011292394773413735,0.01124533315251271,0.0,0.00840261179814115,0.03910324044401447,0.003619195334613323,0.006732767933358751,0.007069335131905973
87,0.012200888219289477,0.01740719801187515,0.008369700044393542,0.026019584011286498,0.00888356413071354,0.014306406726439794,0.008921957828104498,0.012082340510717287,0.005533118706196547,0.014270837273603924,0.012592940759534637,0.024952440145580717,0.0,0.01997980799525977,0.01271603916833798,0.005228069745159397,0.0038537383228540415,0.0060636910789956654,0.004491274035225311,0.0
88,0.03378267341883232,0.005425152037913601,0.023089074817175665,0.005034923203289508,0.02701844021460662,0.015201086021338898,0.0,0.02816870010178536,0.010093746756513913,0.0030639984284838045,0.007597793359309436,0.012854048648538686,0.012542765997971099,0.008427765592932701,0.0027999035200725,0.0,0.010205031816537178,0.008793540384620427,0.004026667264600594,0.007059668760746716
89,0.010614008606101077,0.03448893480359887,0.01664914214797318,0.010406971678758663,0.014790661106506984,0.007986895740032196,0.00760695845199128,0.01675240861624479,0.0110829316979895,0.011711679957807064,0.024920461242164793,0.012817016621430708,0.011948825759192311,0.013997270689966772,0.005011918488269052,0.0,0.0060653520654886965,0.0035374397334332263,0.0047334141225243605,0.0
90,0.01767629323154688,0.011445969902599851,0.006943403388839214,0.01323722452266763,0.022410721475258463,0.01057727991292874,0.022474017178639765,0.041156517646585906,0.0030882893766586983,0.027178586115439735,0.01435824862370888,0.0,0.0,0.013117847349494699,0.0035995757753650346,0.008375610381364822,0.0028072981722652925,0.006031692000416417,0.009282259817235173,0.0
91,0.005644047237932682,0.005663906752442322,0.009973559020087125,0.009240968171972782,0.005098914844915272,0.0037382060488065083,0.018673881258815528,0.00772709731167803,0.00357325764745474,0.05367575317714365,0.005838546428829431,0.008891350626945495,0.0,0.013077562361955642,0.008715851149521768,0.02021834785491228,0.008692790899425745,0.01971926130509625,0.0,0.004086514132718245
92,0.023737343593500552,0.021916402484600736,0.026707613830454644,0.007964407874892153,0.01977092669469615,0.033124033660007025,0.0024029809919496378,0.0067356192469596845,0.041121381950254235,0.0038093822312851755,0.012232948983398571,0.008867902461128929,0.009534750054745623,0.013602159716809788,0.0067841542419046115,0.0,0.0,0.003825757792219521,0.013096589126158508,0.007013522330050666
93,0.0,0.012249677477714915,0.004281539972250659,0.03466902226768435,0.011305181891346968,0.029829976989887652,0.026317413635241482,0.014180591618486994,0.0,0.015940640889108182,0.01323826230426009,0.015357362087815999,0.003914156003389507,0.0027782876181105766,0.005748687159890928,0.0,0.009076086796509723,0.00354099248846372,0.005196738042868676,0.012152272728582223
94,0.017066046060373385,0.011182544507707158,0.008528246831148863,0.012170443282152216,0.00840164983831346,0.017013793113641443,0.011565836731344458,0.0,0.0,0.0,0.014390353899759548,0.023519502425566323,0.003438453832020362,0.006605244924624761,0.0038561146399006246,0.007137402633205056,0.02306775572088858,0.009120830916178723,0.01487996816448867,0.006512074759230017
95,0.012090652219951151,0.013274591998197144,0.008409675600472837,0.012852411130598432,0.010684900247802337,0.0,0.04354557044493656,0.011451330468058584,0.017177064766486488,0.011743627188727257,0.0028873575050383806,0.0052693326226435615,0.008746276818215848,0.004962725388507048,0.003943330627710869,0.013655213682912289,0.010063643974252046,0.0,0.00981175606728842,0.0
96,0.032304022548099366,0.004238430819474161,0.009293159497591356,0.023047233887948097,0.0,0.023331050587507583,0.015664635512356962,0.028341696987859908,0.024869528012350203,0.017546288910011452,0.011144817639142275,0.0054309600138415905,0.006128939487040044,0.013842099542108672,0.011117659004870802,0.010181254062801601,0.0075376110970973974,0.0,0.004301744925323874,0.010530086598669488
97,0.017329972163463627,0.00792816637456417,0.008894310683012005,0.028751161842606957,0.005614529629548394,0.018405293283673626,0.029330486079367498,0.006954371097808082,0.013865448308487733,0.033095693715227144,0.010496094442903994,0.0,0.006357753548771143,0.011864575212200483,0.0,0.004261368671432138,0.005064225509762763,0.004772797916084527,0.0,0.004064704272896052
98,0.05049817388070128,0.011037174942592782,0.028090342798580727,0.008833795434795321,0.02591113484216233,0.044878328725695596,0.00826251521799713,0.00468416992481798,0.01326259358072032,0.006571951005607842,0.00930266592775782,0.016111288075956205,0.01403801861188064,0.005565889868885278,0.006595049812458456,0.0,0.008848296190301579,0.0,0.0,0.018410672350165743
99,0.01871566547763844,0.008661450642161072,0.020896764354159433,0.025616242553417882,0.006377805821597577,0.015027059401075045,0.017895962049563726,0.013588852418586615,0.006852672994136811,0.010121172919869423,0.013621517034713178,0.004816593601678809,0.017683558805535238,0.01597263122163713,0.0,0.006643079295443994,0.0,0.00888532214798033,0.0,0.0
