,average_shrotest_path_g0,model_PHYSICAL_SENSATIONS,second_personal_pronoun,model_DEATH,first_personal_pronoun_sing,average_clustering,textblob_polarity,model_BODY,difluencies_score,ON_someone,score_parenthetique_matches,passive_count_norm,transitivity,score_onomatopes_matches,L2,ON_generic,PQP_score,feel_positive,textblob_subjectivity,verb_indicatif_present
0,0.025743015372686605,0.023431545262889205,0.03135994684792382,0.022506793682486412,0.02312928356480897,0.022782746797269264,0.018645326640686494,0.021380687493989328,0.02444019546885202,0.021159485663176495,0.024479257077499046,0.020370774853789877,0.02066858825073398,0.020129526396117554,0.0213839343019066,0.02214143121492099,0.01991668333518407,0.01940586565887129,0.01841381021117562,0.019078999808848276
1,0.026226450584067147,0.03369036261241236,0.03579459377289462,0.025587076683844683,0.021187198989521996,0.02662527583167164,0.029692516457653386,0.02603609725795537,0.021743435074726945,0.02258713364145238,0.02840304370077461,0.021571932288074174,0.02311023905789259,0.019290908654569675,0.019742376907640573,0.025795037565808834,0.023310739925985962,0.02361130371129502,0.02131799572837005,0.016831636254098708
2,0.02749928742318039,0.03141721523963331,0.021779008416989765,0.025735487960813673,0.02699442200177454,0.023766684429669727,0.029166958403950085,0.026721578975681573,0.016427805363204546,0.024804326068644293,0.02340219388485246,0.028123544869092916,0.021371108116614194,0.018803175441302694,0.02391532685669377,0.019963630170562015,0.02701565858411443,0.020566630709526666,0.0274218377027503,0.018697673063969716
3,0.038837383584215054,0.03946656289034136,0.031674145421854025,0.03650067087577445,0.03631382533086572,0.033459340731168595,0.03103245086334359,0.03297419194600519,0.025783385289385896,0.02613748594814877,0.039425458569494434,0.02457935442721706,0.02710998769937696,0.031881412329937034,0.022238514016648513,0.02826842767899383,0.03285672843841905,0.025259971288027646,0.03353959580793307,0.02205362493188157
4,0.040598037416261334,0.02773215544267814,0.03950314846068712,0.03287773933956656,0.029129475143791907,0.03410389033888501,0.028353016619760054,0.025933439108566173,0.03697552008461386,0.032743060729906286,0.028445091920674268,0.03356603333322705,0.03346044133730536,0.0350601987852009,0.025177832235545844,0.021219087760885914,0.023620215164902363,0.029941913909503955,0.025073419538799827,0.024184187718248137
5,0.030573251584655677,0.033293633548352464,0.023062894933312796,0.03187123146965213,0.03358041215519931,0.022004516977245467,0.02009800965596859,0.027564499221105463,0.027479464138533596,0.030039441230927815,0.023184035483009197,0.027811825737382112,0.022463276873396675,0.027924189732092788,0.02440636355373655,0.019257826653148805,0.029306732779626275,0.025687853806818595,0.025511814549578578,0.03552036572807482
6,0.03986796082678322,0.04364986072763913,0.037808523299549306,0.03286626069032027,0.03720331374838048,0.03774371995874329,0.028470608850219622,0.029261318700973857,0.02985527627615267,0.03321102507104987,0.03188345319347686,0.04425949002790467,0.029217334306199005,0.02689305052057899,0.0331969521246662,0.028878487440821367,0.029611273007178772,0.024818010054200812,0.031207140747829182,0.032768885402131465
7,0.033896617871072746,0.033177422668835846,0.025215238359086276,0.03218968631263144,0.030470693196364477,0.0302781062119883,0.028820607927125083,0.030473624029304442,0.030545671563175746,0.021417128548146723,0.027974674211574506,0.04144088513069198,0.03131225437789767,0.02568239559377305,0.02326268262978304,0.021684016244047897,0.024523395670204902,0.02808597916940777,0.02668205608834825,0.024270372813295443
8,0.032070105105054765,0.042494982403482505,0.030298001642163355,0.04407948423585494,0.036408124064934363,0.029203748017949963,0.030504701053432552,0.04401720439250471,0.03072286195896676,0.04356298422592895,0.02803931176599462,0.03206582396294543,0.02103628653172501,0.025894764518969073,0.033384465201395874,0.03075598993484438,0.03384446330859668,0.031169542952958516,0.024146166579254006,0.030445898834139756
9,0.017942345698042563,0.018726137695097265,0.013881787869259395,0.01653126529309694,0.015326843090464939,0.01623126687345276,0.013295047352484353,0.016524751881364295,0.013330224713447953,0.010774252872195442,0.011731429209449687,0.013992515035268995,0.012250999117505233,0.01064921315242481,0.009667523740066927,0.013358264746268143,0.014082053178613453,0.010539671130774496,0.011850654152357532,0.013584423694776122
10,0.02613749461530823,0.019615404000598944,0.020029385601401377,0.020756149740408694,0.020672192595979796,0.018468636848836095,0.01749518495552478,0.020696374167125806,0.02124387746157284,0.019553298781144597,0.0234768782676617,0.01509539829712589,0.014868249976925383,0.01777957151170907,0.023785219047608035,0.024986578989804116,0.014642969886089157,0.01869496858952771,0.013154671102116539,0.01367822136812892
11,0.025409261724686334,0.0224097260323198,0.015040760201492323,0.020927181207442632,0.015512175160676725,0.018034583589947202,0.019073722484449135,0.018584237664270982,0.01621261091384979,0.017074505993787223,0.014260793849109485,0.02078149487361638,0.009990969126638528,0.012810285604448777,0.014262938536606044,0.01623992228009633,0.013511654345401901,0.013463446645942916,0.014632219818930427,0.011516561966999518
12,0.02016533117163738,0.027937077405516826,0.017635452860260033,0.01628639401351636,0.019021127450299515,0.02343744910471376,0.02194817684494252,0.017799882214966537,0.013217339188274899,0.020013923152073787,0.01883047645624796,0.018646578618991477,0.020854220928327255,0.01604643216432916,0.016475697556633948,0.017871678764014767,0.015939218923910235,0.014349492772484228,0.01719382340700206,0.018043575964905145
13,0.02766095282655566,0.02378268067171732,0.025889253908203874,0.02826714464904221,0.024827382535455165,0.02498372587178257,0.030119865220824733,0.02599897753705193,0.024240090359014276,0.020966710721114286,0.024409055991449203,0.027525964646300406,0.027094975585026174,0.02566949501930699,0.023462443515704846,0.02235132665234762,0.025765152228554206,0.024121203046335835,0.020006191322970483,0.023829234213938833
14,0.04558173312796091,0.040601614905707205,0.037342230875790014,0.029284774627039035,0.03185463840761727,0.02808579741269929,0.03476410257873382,0.03223163733301668,0.033035962554403844,0.04102504113215661,0.02882509690670317,0.02671201725688525,0.028227515983472777,0.033391745016620455,0.024599840747194443,0.025289389183294587,0.029138910713861103,0.022855177449615995,0.023549287994948483,0.0255050940546062
15,0.03577312275610832,0.03522617979803518,0.032563092089564975,0.041418459010117294,0.03030756337562923,0.03587460050569977,0.03446657884618638,0.028765911011126757,0.03730975732681764,0.024409002714681098,0.03100976058113912,0.03911883768479877,0.02731126676959602,0.025880604507191023,0.028207256671269193,0.021557581560380595,0.030998069665968898,0.02517533582058657,0.027663975015885193,0.019100318645100048
16,0.03320294152869623,0.026660865919839526,0.030092963570149515,0.023809611136510044,0.027196142258830852,0.02907102215128122,0.02293251108521657,0.02847940311820725,0.0274946812297773,0.025541890444327184,0.02715850782584674,0.025528916817324925,0.032136817222804814,0.02251582964371111,0.025174394452984316,0.022104701956247405,0.020592021357601225,0.02604441117770386,0.0225763258659925,0.019203804315137508
17,0.034502167685995705,0.0392379104439492,0.033683493000671375,0.03916323313130184,0.03718526388212391,0.04053656917040497,0.03398679293393373,0.031988638469418074,0.03749832409096971,0.03667615402861325,0.04065176803891577,0.02884001143228248,0.029983376658672293,0.04389300211208047,0.031264662748993886,0.03269522700850704,0.033624151771124655,0.04517383891725094,0.036290348037617166,0.025100908990355424
18,0.024708198680054767,0.0336118400469226,0.0290768820720386,0.027682234464254794,0.023376113086294056,0.026010327329839177,0.023167157665778086,0.021616108673865382,0.029849311909776213,0.031025348498578773,0.02621356134314845,0.018744446181582466,0.02184508640690745,0.021356269705959306,0.022848694006047082,0.019213261551809427,0.022695127179807126,0.019218715272815472,0.02055982007240505,0.026294509447086296
19,0.01965015286261707,0.02051302250546048,0.02269866652147703,0.02467055824873129,0.012950557662702561,0.017351962147319298,0.017973997290897603,0.02104109697495276,0.015226907664495646,0.020911644164691295,0.016860790905024632,0.019297492728347895,0.015170931657392894,0.01818307445369213,0.01870059078430929,0.01666243713075965,0.018823110091064663,0.017067182983937015,0.01522000178739777,0.02028995292926897
20,0.03295989292243717,0.031214482674691672,0.04260570319952341,0.031669621129162634,0.02045849115648881,0.031964776057839275,0.027093205911564847,0.028719346323916914,0.03698901293973338,0.029655744614592555,0.02798287496758345,0.021191413518455975,0.026435204701640787,0.03649169738783985,0.03312042367891121,0.02978450761487939,0.022817416932843518,0.03271285025039405,0.022290609909221985,0.030169789756291015
21,0.04501608248526174,0.042369859143141994,0.04453288189551577,0.03621771691971335,0.034540161114573795,0.031484898762128316,0.04004752768329621,0.03384535061835076,0.0272490289323145,0.03570517891319161,0.03824699614878734,0.03576441502235492,0.029123177242631516,0.035017313599991676,0.03215941855537727,0.030344451912153445,0.02918981944503521,0.03484119820989198,0.03541617159910812,0.029317476305473836
22,0.0424394696281838,0.03301531221223218,0.03015382284616569,0.028158830484574206,0.03132165584754245,0.03202983148303952,0.024287040969491247,0.029938321824535756,0.019259185724081255,0.03269906303403019,0.028116301783302072,0.03270302098831765,0.021511132139834962,0.035996964325864536,0.025361914169759102,0.024141552613405903,0.02909670077122027,0.03076916888696445,0.02461613243565504,0.015025241581798809
23,0.027011246273604402,0.030654480868671913,0.028180381384777433,0.028583001095756445,0.019982262338156278,0.03260924599427123,0.023893828284146743,0.028194760062815478,0.028366967611143334,0.02095125337420543,0.02894652172035194,0.026411916474845722,0.022504197033244515,0.015973286444117243,0.024145590405522274,0.026847622853754177,0.021122265535740238,0.024750458019403832,0.022108217874294116,0.017685951185720312
24,0.038235774115889215,0.02873774257575404,0.02960963497489972,0.029755398024417744,0.025968858476111564,0.03780372393121156,0.024275929070887867,0.019322315458659305,0.031994577036810384,0.03265010328136086,0.028168851417292008,0.023956703949499766,0.03442632203727136,0.029864304140046097,0.029808792945114557,0.03080849868246176,0.02657833697156369,0.03199223096886087,0.02529988057229811,0.020937733261462123
25,0.02473800472470518,0.02796341705392575,0.02970415545132949,0.023629480974104947,0.022636205978452402,0.026321377066061385,0.015933387649805546,0.02139123498936836,0.02255429371168925,0.01799883191802979,0.02189041352908236,0.02200312108186692,0.0242998129822886,0.01748286183968779,0.023614635441243592,0.021170216327788385,0.01941223429065758,0.021208441571269863,0.018982639711449992,0.021987824375255496
26,0.022793535948113727,0.02441753117997867,0.016121832704111286,0.019804319599652592,0.024175768698386457,0.021648714889213216,0.022255956527664704,0.02219360779040322,0.016862596868954572,0.01963008381280987,0.019222780074796227,0.01874801145200602,0.01842788353615412,0.015552535685604453,0.016580740736846924,0.023578894627503864,0.015136484475750901,0.018591988428350775,0.0168988433558147,0.011942922567052199
27,0.03572971552980862,0.03082062056577195,0.032623216727943306,0.028160273474518903,0.034700110864625454,0.02128289890103299,0.029030564535008456,0.02709493656873179,0.024991687589458116,0.03279632876716828,0.03077543634535879,0.021086485698496495,0.026595991685465722,0.03186065778959326,0.021801469776132607,0.027256130355596615,0.02506366176758772,0.02689721072350021,0.022668069241380137,0.025740585141219477
28,0.0401181834290549,0.02998795479813743,0.03572667772727918,0.030279660103189415,0.027214074828007587,0.027518213497701425,0.03216679782628572,0.026528588135162987,0.031260951648728295,0.030530980349199283,0.028236522979085323,0.0297347736130467,0.033717124646888044,0.03683733759875009,0.02702451947202248,0.022323287966167553,0.024338118511973563,0.025324292354264526,0.021922768396037087,0.03167421252323149
29,0.025393058231045457,0.0279294133760072,0.02337608092719394,0.021116828815198215,0.023561865528249574,0.020740283813078575,0.02467166424010662,0.024888446495332686,0.020382549317702378,0.027123633620132186,0.024567891830342834,0.01793199832246266,0.020499904052018045,0.025737595805933274,0.024766633761532035,0.02377621850769383,0.01960467652826101,0.019496234347444345,0.01598748865433405,0.015742766693276174
30,0.027186290768875156,0.028710547731957803,0.02488037201739818,0.030639277986411386,0.03352362735006837,0.028740068962491743,0.04206440113778215,0.03116095530244105,0.031873905896224464,0.021524560142413635,0.03080577565483393,0.03589294289692653,0.031810405638711375,0.02105983491282205,0.028305672559823386,0.026363662855370753,0.02366322804866851,0.020801348533322796,0.02582525702229565,0.02982899678516481
31,0.02978237907457938,0.024303880077224956,0.02907618863895998,0.02324266958560994,0.028279789487822164,0.024380764903905405,0.019808247291368677,0.02638799720872995,0.021887283929501383,0.023743122244552807,0.018153733352075582,0.024078470273995328,0.02270574060037051,0.019011601335483016,0.01766363709884093,0.023149182960428148,0.018579382298728315,0.024125522118798932,0.022178625161446607,0.014527873541588354
32,0.024049470557600833,0.022115441521996664,0.01922771252393425,0.022465746941412443,0.020171694393861097,0.01588331250952573,0.028345860284412664,0.022796364433354113,0.019269384185547325,0.02039258180071067,0.01922723253195483,0.015041568352048772,0.014529864129091623,0.018354774945763593,0.018761946870484242,0.01980809208188767,0.019244722860723647,0.01985533932800991,0.012009345219755167,0.014344282155360868
33,0.027434732164285044,0.028050262388192592,0.02970934133685922,0.02315812746879451,0.01815248418486924,0.024737143821217302,0.025736947253650087,0.017313526379884748,0.022241098577020273,0.02552034469175549,0.02574683573139905,0.025064572348541547,0.028129278702014662,0.02498315539089398,0.019947513343382507,0.0202442691564425,0.0227443116600352,0.020272426980259446,0.0217691209182536,0.016881206846913445
34,0.03198217938530686,0.04300980690210639,0.02987781474204688,0.03464413034627746,0.04055559362940086,0.031164774397742897,0.045477764464024156,0.03523153288665027,0.03114992620712177,0.02458106098388028,0.03343553235365531,0.028753339259191355,0.028400071316830144,0.021900207027525962,0.030601472716985993,0.03622324232076803,0.024917389438140067,0.02484381904010053,0.022380124226863626,0.029926040871759506
35,0.015792281832830803,0.017408775712026293,0.015655860950492775,0.017883047863597817,0.01810795417479018,0.02096462736441173,0.014445345862948879,0.014939693310736649,0.019377168351600693,0.01593621076801496,0.013381245222378204,0.015566138411558628,0.01755375320233474,0.016364254158351636,0.010925112026464056,0.017680426925305692,0.016890492183817604,0.017300834332110025,0.01428455507709376,0.013899997332883805
36,0.024764224602908964,0.023888370181097383,0.02474195787875341,0.02167459636782975,0.017901428497814082,0.02373174438045481,0.02052126820406577,0.016675849270847996,0.03032667599939784,0.02073537345205568,0.01712651060065585,0.020790961648450276,0.016116206910555875,0.0217419220167539,0.021634890292576613,0.018672545049603063,0.016664655138335607,0.019205225441718286,0.018676567142889632,0.011823674700677841
37,0.03733565552925946,0.026597081891340392,0.03282880765542118,0.02754539656437752,0.027440022177686898,0.03201533794428167,0.02466201668115942,0.02731519111535115,0.03470285551524228,0.026646952454282162,0.027327991794221,0.02042474737315467,0.02945073184450106,0.02750661488008552,0.023174184601607258,0.025225300710225145,0.02613278734162206,0.028474873211089814,0.021649891930721223,0.023038138365851484
38,0.0320968606115446,0.028152697067327478,0.03084065584637252,0.02262367268493686,0.029205639640803853,0.02984889525776173,0.03255089150215665,0.028615964528315743,0.023472399898886193,0.022697163012793103,0.02610575970702856,0.027600170674295977,0.01746990597854152,0.021120788398751384,0.023271254422303437,0.025125401101894027,0.02262310992073081,0.030212985079135852,0.024893990353024337,0.01650502966254638
39,0.024596380158955856,0.026047010380481697,0.027026659773096276,0.021449695706216007,0.027275391702932496,0.02104759380335758,0.020515954677098294,0.025719040593920852,0.02515048867899538,0.02027587402279851,0.01806455957969871,0.01756630287777871,0.02564060396074275,0.017343035441828133,0.017273235116067227,0.01856697877708684,0.02050124299548856,0.017301418370811877,0.016946497363917873,0.018829207756114817
40,0.017626310221368173,0.021455901222681227,0.019236399365515414,0.0152832027918873,0.017143878790880276,0.018601450408916295,0.01621577699019527,0.020144520054536815,0.016534737610889198,0.016668582335854453,0.02131844931779768,0.015543703892588547,0.01483455591686435,0.015027800761637827,0.012684353881057757,0.014757953856657126,0.016021077687727477,0.012785228890636562,0.015685239888093117,0.01096692971283469
41,0.043177266795346135,0.02297492816790728,0.036350335758283565,0.03359759096670647,0.024227842124930288,0.03401784538671653,0.031493731130659376,0.025260706359656115,0.03596713805755808,0.029218991078439716,0.03228507254524646,0.03429199312025718,0.0340449884004803,0.028911346383259942,0.02893101288412264,0.017029543117135705,0.024504984496576496,0.025105112941317426,0.02387735431545311,0.029862233353064673
42,0.016380983399843035,0.016468926667058507,0.015430692346610752,0.017547635126721608,0.013111336902155244,0.014179687724612328,0.014261843288006419,0.012081120382560599,0.01673801793445939,0.015751065244604182,0.013508768071682926,0.01445031223960409,0.010561515584017165,0.012831631140364713,0.011036236177383028,0.0162171760635008,0.01474733922452394,0.011179986340018565,0.011800655091944856,0.014314533882922878
43,0.03093279737966531,0.035953879693970466,0.031579984818419456,0.03074190036113223,0.03793774524165319,0.031074130684731794,0.03001531253065455,0.035056306285284576,0.02640446191156369,0.035224539839575186,0.03069732997729876,0.028255882165024972,0.024281592455490802,0.025666213911568557,0.02715437705207779,0.028064648285983117,0.021297771273338154,0.024852845558479646,0.022021422381258895,0.03433191406282272
44,0.031043539160063097,0.028577124779133718,0.02854340161839202,0.034151490341026956,0.02520350744166913,0.02379951165873953,0.024788574083326544,0.02722529398518349,0.03310670330475602,0.022916549058084927,0.018879773031129553,0.02852836988447362,0.01638309055225346,0.026231880890842375,0.020746660928417867,0.026247828178621202,0.023647621305589405,0.03261337332297023,0.02501395401142785,0.02404995410576543
45,0.019571995412328586,0.025486758845131883,0.018289978155715453,0.020548189992253912,0.023940367806316188,0.01750187375956627,0.018357240136164153,0.0165709550807617,0.018492567074437933,0.017027550138642617,0.017040202051577462,0.01891447789295568,0.02453847994252392,0.017585884752021504,0.011021045789314237,0.02009896595514934,0.017878055329603727,0.017738247247871368,0.018227047910240265,0.01907260686045915
46,0.031101081542985923,0.022669185747711176,0.01780227915748948,0.018861595882020396,0.026466379155725545,0.02715455030253014,0.02853376053906223,0.021378894781731023,0.01917998514085257,0.026056202018010836,0.023480382318059368,0.023651987693501058,0.01645134409698601,0.02186279560805202,0.019288146494358963,0.020527975315708692,0.01716956099555613,0.022058908006293742,0.021953000247837383,0.016167223092560124
47,0.03496346262867289,0.03030385290727769,0.030586276851315434,0.025368555210150807,0.026611408396650518,0.02581665692970046,0.024072450761422264,0.02446936292899742,0.030525764147391127,0.028202727044858333,0.022280415166304968,0.02479120200143847,0.027168123894010757,0.026709136340890397,0.020841616985961268,0.02093864292118081,0.023367476803039106,0.022860877209517336,0.025817169257001855,0.02464263543394538
48,0.03483942709485489,0.029591436632463372,0.025432731446028013,0.02770535278436975,0.024753391607767777,0.03366148234813837,0.02450886073484996,0.026538094378678257,0.024071004492331242,0.02865869503262112,0.023782192916976613,0.028056595106484023,0.02313273217900121,0.028068509074493608,0.022505651403489355,0.02605844261873197,0.027919251928847418,0.028919073673730533,0.017972293584148365,0.019160046104199895
49,0.02975710172214091,0.033023021008937406,0.03048857194697265,0.03130111630102205,0.03056654615777983,0.03000762679899194,0.03759739618192593,0.04091001031400929,0.02192888068532985,0.029401477617748136,0.03628509108349976,0.03060536519215347,0.02082377971118547,0.026223583617411804,0.02504753512478325,0.0254254536280179,0.028789469622809788,0.020133379729189067,0.02682207769301086,0.03505014369554583
50,0.028342056118928597,0.02915941825116208,0.03000816462645328,0.034592920053984885,0.02415755544411356,0.03405827107765231,0.0353264643797657,0.03471535404057834,0.030108677900493323,0.030133554742653244,0.03094181000737394,0.033744565061968435,0.02679868212896669,0.025637822258195244,0.029541328333729532,0.02141792258125107,0.021364189148179065,0.021772710565617217,0.021757284356161807,0.035607773096653174
51,0.03951135440240049,0.03927827565031527,0.028566332101819174,0.0297967782833081,0.04624391583672915,0.024605936703760597,0.036417087157460414,0.03370587950875291,0.027527335264499964,0.037486447352147526,0.0276289381723624,0.03705625981452841,0.030269913359872287,0.03148274845018761,0.018745938004112044,0.0226801913750227,0.029222247813444954,0.028722977114487395,0.02983189166252571,0.029340073677146708
52,0.03801276355751139,0.03371352075289752,0.03245020798895542,0.03221315002896198,0.028756452051606814,0.033036310045295635,0.03935040749268807,0.033680630905671693,0.03414579057833763,0.0365863303742125,0.03612764084312445,0.04167281767133799,0.03046366333754005,0.032853265993028194,0.039963565674573334,0.02945988338299819,0.025154407166362674,0.027607243892375576,0.02498377454456624,0.027675184315622364
53,0.034630975396315884,0.028583702776920916,0.03634410060593283,0.04127036706295649,0.028126169914132346,0.02653086275698439,0.03559813059180166,0.027235018111219762,0.03173639480550132,0.02645721928565114,0.02846686106900878,0.027560768559078304,0.026431762831835456,0.030112033125125646,0.03700386602420874,0.02820218424863127,0.028639273108844468,0.020437262248591454,0.024987912334136584,0.034420425172560165
54,0.029554498047521822,0.02936568865169068,0.028497167638446504,0.035801133978859326,0.023797800319137072,0.028535839533782453,0.0298232897199504,0.02701596365069177,0.03327342060047268,0.022235370418022964,0.027769672620577782,0.02674612241033725,0.02847353978969357,0.022625836835656648,0.021857565012171794,0.01801451275730144,0.02205347725142639,0.02507474440831153,0.02276973362511402,0.018552768175913094
55,0.030949954266968907,0.024766080152074883,0.02581380295039835,0.026495105847667334,0.020852558219986033,0.03334972867039316,0.022733059795308055,0.02222395305474546,0.02968755627546439,0.025635651980140697,0.023767679275554832,0.02804457456866261,0.026115980824965458,0.02789519750243757,0.023890778656476215,0.020222109569948105,0.022300737800046867,0.023875585683726618,0.02053173864225274,0.020966546926126504
56,0.028440192723356305,0.02854332972699777,0.025448938422687157,0.024485834186758683,0.0322363826741119,0.022126971287777922,0.025277203309472068,0.029705627690413055,0.018345979397836318,0.02801540501122487,0.027357457152323083,0.02003914023474121,0.02342704270862764,0.020641481349794155,0.019913733878929443,0.023201275712666197,0.02328199802247574,0.016850862871733506,0.01951291629860125,0.027192366027337687
57,0.0152376554383336,0.015498351401470765,0.01752308264649025,0.01819071532818582,0.013784348645267373,0.016829161621175957,0.016040252196285573,0.013759217545391653,0.01463079249061032,0.013928287763211094,0.015979330041337014,0.010001109886164915,0.012394630478961534,0.011763069616162063,0.014402736935342832,0.012938998640936103,0.01383406346751557,0.01281550605551884,0.016411230308032,0.011299765858219596
58,0.020561861026431545,0.025941194935230547,0.01868544110054425,0.02200953805347967,0.022445008471141996,0.01662751250249536,0.018998014116405865,0.022048389256121955,0.020751952417647938,0.021284490415116694,0.02327056285062338,0.019423177878635598,0.01412762098409348,0.015975771162211033,0.01695923160769204,0.017673483149602022,0.024828748948806913,0.018931566402119397,0.01785642542667935,0.019644815897246037
59,0.031557710138314606,0.03276114736050669,0.02815114638231696,0.028045530583395373,0.037497105075362296,0.030486800368074298,0.022962363239065784,0.031917198414383424,0.029752739428873527,0.02775884060998721,0.02904426660413296,0.022656644465969166,0.03364709895511581,0.022294204850378918,0.034116893977540835,0.023249484946972775,0.026969346571970206,0.020613737693258916,0.0264911620728697,0.02827651955211525
60,0.019957109257316787,0.021212165113244013,0.020772633017286473,0.01951625174174963,0.014080680571741847,0.021018347940326056,0.018178628241182333,0.015979420263706495,0.017612029319262274,0.016144733404452084,0.017641437436156288,0.01797420135878328,0.01871175639964618,0.01328440201242364,0.01597011161436505,0.016485220826509345,0.01747002629989054,0.013794104317469327,0.015654344532373434,0.011411140603521726
61,0.019905547134257684,0.02189912892467985,0.02021906391742968,0.01628386342068145,0.024231653106377718,0.017845625515202686,0.015994515938883774,0.02096130225151583,0.01741537791573569,0.014661527484648143,0.014891510631464659,0.015305486552267593,0.02243916296391031,0.017384670500918676,0.01595644849208075,0.02147214450810016,0.01925866365670312,0.018566473794188805,0.016064973217298172,0.018055392230342554
62,0.031970688576424995,0.025389232982443447,0.028911338456265652,0.027785841312258336,0.03348577168367348,0.03041731585775678,0.028487066017398328,0.03160081696100466,0.020528065051787853,0.02389706555724907,0.030741844033668926,0.030746296221684666,0.022933311382236546,0.026404467104959778,0.025882013875079095,0.022674208570363754,0.023184548880199433,0.028381194334355236,0.025923212190322394,0.02105153383707316
63,0.02989587026518817,0.03314134870675841,0.03302818460456765,0.03102687781396999,0.027131343415036147,0.030275996802372394,0.031944993164364846,0.025155183677019535,0.032359451212560786,0.026320090630609597,0.02635408532666862,0.03207321818229085,0.0218517068878472,0.027642184498040952,0.028260620270823777,0.028884668325711568,0.02113067450716927,0.02389495877041687,0.01950101672131222,0.023101518502273034
64,0.03143952219333928,0.036854747986977375,0.03540732519081554,0.024376434397121637,0.027137637267186095,0.02145681966894352,0.026149605609623667,0.03141154042149065,0.021988358093724625,0.02796718943448287,0.028191649542427748,0.018485323889055088,0.028384183630082674,0.026503159611397827,0.01609610706377875,0.033669865701136795,0.025063487364518817,0.029485764933391796,0.018494585691382414,0.01644944430587556
65,0.028443356371860067,0.028106866808414784,0.02390131566400839,0.02622533572166884,0.022246007453493283,0.025061090499473533,0.03236267070137992,0.02675261686083092,0.02808873369564502,0.024611806375392842,0.025774806936871484,0.030586827261267754,0.02479908494332657,0.01976438585251132,0.024620407191100604,0.018242681607958063,0.02617628631287537,0.019444699183763143,0.020924582633498685,0.026413475762106193
66,0.027962889428784405,0.030638761294084455,0.024838584426913987,0.022084337721291637,0.024209890710873087,0.01960975784131989,0.02513058562795958,0.021558608350936644,0.027316457417359694,0.021914565281578233,0.02922885105622589,0.02299345779713597,0.018756365028551512,0.01845150293343495,0.021436305402457678,0.015391845940886297,0.01759997393460659,0.015795747057515033,0.022967576630843103,0.007973118054816193
67,0.02070874249880468,0.023130098895609092,0.021057377068606633,0.023050593889720552,0.02196947139929003,0.020379101778441402,0.018182503140234646,0.019712444861116004,0.02344986642578824,0.02008778062821777,0.019550960581576796,0.017496888647162884,0.012138973954392005,0.016184600971822703,0.017393135406069692,0.0183546834140834,0.014730705002961935,0.016634550095889246,0.02115801554443424,0.015613328721572147
68,0.030991415959356197,0.02472748775248544,0.0230442318823881,0.025689642112669418,0.02690963885238657,0.029456462503160065,0.017888579006886916,0.023281468042317337,0.03570771656400237,0.02716524242544706,0.02063684608597605,0.026959902079989925,0.02924417403690461,0.0169227716068432,0.02358885285500526,0.023652351884121386,0.02373511338609857,0.025167171350225184,0.021979082966872288,0.02482847003851881
69,0.03850422165981712,0.043080098363392424,0.03868493543412793,0.036792923051166646,0.04117244995785139,0.031004480648023688,0.04429048194131242,0.04298787889185647,0.0328850114565745,0.029811217054022492,0.04352545021419034,0.028993824915191604,0.028657076879107336,0.028731913818670032,0.03897222602623149,0.03398067133365689,0.030628003811943496,0.025766434219895357,0.025017104109621435,0.02957399081027011
70,0.027175025848991115,0.025008582665715134,0.02302873433798169,0.020484989045068135,0.023411894481186662,0.01394355688242643,0.020417266178198265,0.020506244413857466,0.020359746666852495,0.025323966269952175,0.02541766435686723,0.022311984268986812,0.02348522630102271,0.023438628829405745,0.01872541573317868,0.022986140121751573,0.024264147890984886,0.01986738709129217,0.020422588351559,0.021428173602813166
71,0.032510517828762096,0.03642367573500977,0.04290492067957074,0.036637653654046025,0.027559667946179013,0.034174951551405965,0.03183496552091698,0.029252715002931483,0.035488923392258516,0.04191401211472475,0.028098126926806837,0.029506599672518927,0.024505505659404667,0.03117056661872294,0.034139615726132735,0.0283919358506117,0.02614824464840418,0.02494506101550926,0.028553983045717005,0.03245707139071217
72,0.027969242834840483,0.022174235848134542,0.023670044206250372,0.022616978550644633,0.021488317704296454,0.022285230942600612,0.02583650174362936,0.019325314494028075,0.02128076421204873,0.018196935143023993,0.022703086772302435,0.01883742521893611,0.01761347452741348,0.016412998598887927,0.019272681195429558,0.016054383527431573,0.0212285228813545,0.022553790092364204,0.023055961939928368,0.019956081680728082
73,0.03253978926440817,0.05050652910565869,0.05006274136275051,0.035816610513267226,0.03107801014030024,0.03949535189893031,0.041739785482247875,0.03667455304274326,0.032716259044672284,0.031619346240025055,0.035733114606391954,0.04360368125537067,0.037867977553686226,0.040858641984096465,0.03297970287968407,0.02901330776073613,0.03127373676178627,0.027121451929490434,0.02740803956716135,0.031222491756021882
74,0.03908409199796295,0.0354084726634788,0.033022300806095264,0.03929108131855034,0.03783369055269896,0.03936669091265787,0.03112536126737307,0.043002898253010916,0.033889511629206066,0.03865185907095743,0.034845704493136585,0.030969630671346355,0.036349880851508254,0.035517365135572125,0.03729427121609748,0.0285511319484213,0.030270991393071957,0.030929661613186766,0.02993162032224713,0.03183991444980291
75,0.03491907694345392,0.0357359239029046,0.024665111288622404,0.024014843677541597,0.03322051009200426,0.023698634413177936,0.03134757418064073,0.02789822953300601,0.028517387986470372,0.024086124260239074,0.02148635056930946,0.02359478334532489,0.032987107147697335,0.025628794665930984,0.022489038454796034,0.022952167992253802,0.021204329046107202,0.018479656957194127,0.02167926949083943,0.027477876871970328
76,0.026424958275346938,0.036876448485521365,0.028098505621383173,0.02664123187820243,0.0269119123373609,0.027336725772778046,0.016298213094404126,0.02384495894086089,0.024898189125823603,0.025745457483605357,0.027322939799490124,0.014552440618710468,0.022611280740280525,0.027156816701484534,0.02388930473757674,0.028599163670965728,0.022988922359055527,0.021411419651723385,0.023604392916681847,0.014219368316991185
77,0.029688742394652055,0.029896823693169636,0.03716056569308182,0.028534421575879942,0.01649969284651499,0.026564115526206737,0.022251162825737553,0.022568662825092255,0.02291030364438819,0.028206395087245224,0.0249588314092489,0.022743676779449922,0.023355086415045183,0.0265009699389474,0.02593086703568203,0.026314333599860715,0.024151243182784887,0.028356684817848435,0.019635916475324023,0.02157594557772834
78,0.034625758564424645,0.0294873471485697,0.02597505601927466,0.02726700417131835,0.031431603958787746,0.032066486101088004,0.027980128352497177,0.024362369253648365,0.025881518325773803,0.03187685866086415,0.026794610323225426,0.030517384029381627,0.031089673786541868,0.02800771933791344,0.023943279379193758,0.026143774748410717,0.02096417909568932,0.035257192565260276,0.02827720487927583,0.02579398489532226
79,0.035905515512443545,0.04140826637435001,0.025893330093763062,0.029906666557520355,0.042699950601615876,0.042889780688366026,0.02750872715885699,0.032285782160131136,0.025746241470268896,0.030554007003184353,0.03359700179311776,0.027701566095100747,0.03207699645408022,0.03233999629555628,0.02769377823785712,0.034131427370414094,0.03045521175027008,0.03329025019087766,0.026194899283438964,0.027259595407433848
80,0.029087747016473074,0.02505173418115208,0.023904563563741717,0.025486922207816867,0.022845359919381313,0.02985582248702344,0.017626283015765326,0.020673758460971928,0.022035210447453036,0.021797840918541523,0.02289632924637662,0.024150215136431438,0.028161559055598945,0.025506011702110275,0.018667907458880265,0.018159129435375784,0.021204675502174242,0.025165477976232448,0.02188117716168328,0.01672520153939272
81,0.0301556539915025,0.0357054191603943,0.022900979619098153,0.02765369545619149,0.03241333916679181,0.02658141610282062,0.02379416529895277,0.03037009399924159,0.02356328099965711,0.023913667598170582,0.027010727217759836,0.02504835499516852,0.029217472231194332,0.01985554428232734,0.022587827656266928,0.025840011298350708,0.022491870438652486,0.02323572490162655,0.02365620653163913,0.024853137988927184
82,0.023758734651906692,0.0237572520793495,0.017325387598319465,0.01990524278259656,0.024267917233622843,0.01850601051386313,0.01582811847535643,0.017219144563177066,0.016812464984429103,0.020545817885400632,0.015392143786487233,0.017554820127286055,0.013175535846800172,0.018261768493822404,0.017605529321689593,0.015347832682058854,0.019521534215335052,0.017209925900798867,0.019960686930881683,0.005208185591842316
83,0.03396725119183102,0.0333392441848042,0.03110983057155422,0.03175126584872799,0.04392928329104697,0.024873525907077337,0.02916992409649078,0.027111195570754497,0.03083180860850208,0.02971449608182324,0.024069152328640556,0.024057755812947876,0.017570909436322266,0.027527560006051974,0.02849318486595166,0.0265409566046522,0.034851613833315545,0.030256337917023313,0.029326864513769074,0.022638859250686743
84,0.02034206266398793,0.020944600733974507,0.023245991964839372,0.022640788710563388,0.01433061496323266,0.021481535115773817,0.017087854913622712,0.014501474040445068,0.017723408584606515,0.02306138768009055,0.016781916272732074,0.010382148639208803,0.018995039502393733,0.020243837360951034,0.016211914903359218,0.018679639372745617,0.0188266423086841,0.016695390445197203,0.0181864285717763,0.01517639904752681
85,0.03698868905123566,0.02741601009336979,0.03160659093335773,0.03101409996527445,0.032287018002478345,0.027934386375792167,0.034349914709414966,0.03245693778372418,0.03506188303789087,0.03187548198667155,0.026252910085211616,0.03134840761389902,0.025737895289070896,0.03799543685383444,0.037938028393443894,0.01714257191049263,0.02189511523101305,0.03268274669156433,0.02966070597369424,0.024072114534210237
86,0.02108860244922474,0.026454378957402817,0.023344601134935288,0.021941167957782032,0.021426193800337064,0.02384119583885916,0.019653106602437968,0.020272177509088,0.021443520060812984,0.015308899548565931,0.01464069516985203,0.020096053481181476,0.027340862498978744,0.017645828910669882,0.01891140093718712,0.01744523017768792,0.020780403045547135,0.019909847444995864,0.01884317023051447,0.0167674042248537
87,0.03649677335349743,0.0494919833608469,0.04139317168458346,0.036312545655262395,0.05329995186647784,0.04373601950603023,0.03378864537073077,0.043127527607626864,0.03937071798747286,0.03476790605669863,0.04384748896861174,0.03657564938662191,0.04355777966381039,0.032642402840418853,0.025793908708118683,0.03578206618661736,0.03442097456432178,0.02612143682935847,0.03450338468932362,0.040956256664864285
88,0.023896123181688097,0.029403566366470072,0.03379229866533059,0.02604387000828572,0.02589053581430439,0.03142872653476896,0.016038264881218643,0.029480798638506573,0.022069537882705853,0.023148411895053702,0.024273899945125955,0.023243985535257004,0.01883532731738993,0.023377754444208542,0.02352468177982859,0.02725051865867285,0.020508404979218096,0.022942924827573864,0.01919189523658126,0.023395581627964478
89,0.02284719483709756,0.0214130780834481,0.015462827350180782,0.02000489247765037,0.02651943572421297,0.01896839928197073,0.01929031354345701,0.017721175145036214,0.019781141651010352,0.01758833323882066,0.01769563421633023,0.022668169065549113,0.02360992607949774,0.013674464167211771,0.01985476376923395,0.011949733041975961,0.017489218912534747,0.014828161839691222,0.020979821061347714,0.016064196988082754
90,0.029315849445499663,0.03653118463594781,0.03953932099049609,0.030423266551736678,0.03152748826323341,0.02287041135681101,0.03162359781109063,0.029870813786968754,0.030965389132907133,0.02682504714837464,0.026373234503271527,0.0180506862596855,0.02944301242243497,0.026955808191374688,0.022302590054696484,0.02782248084731454,0.03332673545270218,0.02211440647880619,0.02861698147586251,0.025861588707423347
91,0.026527098978819146,0.03627543437035117,0.03833383395156128,0.030866715723813717,0.0286529216011855,0.025419210104079274,0.025844792112589308,0.024110940661085576,0.026762477980799556,0.02456583091568619,0.023680004962639094,0.022734823367258128,0.02799352748333918,0.026388131403667952,0.029020735183718675,0.02754379735586872,0.028752323391655656,0.0254664456928138,0.025385564263732938,0.027536085141015403
92,0.03360481155657828,0.03491186748328945,0.027808499445084227,0.033044592933884585,0.03205510132941477,0.03087303771495361,0.03808810110081104,0.025021402045076312,0.03418031544576467,0.026593011730369886,0.024496123796775404,0.028460269766754295,0.02766036647846866,0.025604625535849492,0.02771299720101433,0.028824640604558242,0.02671465356242096,0.029577794932927646,0.02369788535967277,0.027331279689441747
93,0.03049329881453837,0.028481022160992797,0.019522345786903688,0.023059793608937635,0.021814438593827586,0.03225923745379329,0.020186927639220545,0.01799885841921767,0.01582262402534323,0.025967482785893215,0.021646074595045237,0.027054354221009647,0.026466876103779725,0.02060429988953187,0.02383379392466702,0.023434557733674897,0.023405140588938698,0.022669099933294384,0.01869447745740139,0.018850242073297743
94,0.0276592524534212,0.032919731252185724,0.027741221259707467,0.027847056605801567,0.030553923420528373,0.030137468011717097,0.02781186522181236,0.026800431981799613,0.021492730276292893,0.02723110287253486,0.029326717784765442,0.027413435092049018,0.02539517755297795,0.022476341638265365,0.026480553747972407,0.03087653286808189,0.02205607819145227,0.023359762006074716,0.018046981252895267,0.023452275747340542
95,0.04797041822811387,0.03309488447857481,0.03523693252179171,0.03181018585117558,0.03385988950984881,0.02602084506874664,0.029348702660397588,0.031587681570181075,0.033673323527924,0.0389998781236606,0.02769564088766768,0.0325691845019725,0.03062786257208788,0.032562594968293994,0.02710204786803733,0.025461087984959236,0.02880729460484212,0.03289201818057669,0.029726260126111164,0.02346859448814898
96,0.032724514930906966,0.039222602945531496,0.03266325924533073,0.030679170842654556,0.024456035644134417,0.026794197547406518,0.02431143497937358,0.025663158088166233,0.03408364566260914,0.02522133769211588,0.027201152054859363,0.022853060386484353,0.02357305632866062,0.029933118034493795,0.027509182205583637,0.03243987290175129,0.030024096412886576,0.016630340688480575,0.021251290508803054,0.02123130057521408
97,0.02995307817830176,0.028852719022511287,0.02935946292793371,0.02934647964268951,0.033911885040272816,0.030685994813979506,0.027822663542457826,0.02495761569628795,0.032811641190878454,0.026976580038000113,0.030490880274503692,0.030629528688405943,0.025945572446254058,0.024075017350346044,0.030825994342095663,0.01991153322020032,0.024522228087194033,0.02514699712659036,0.03023479929828625,0.024328449778957137
98,0.024505422504446758,0.022307954216231975,0.023540211595989,0.02006100047846552,0.014598163283685005,0.022987068301841194,0.022152333482865855,0.0226663243452598,0.015391449131950492,0.02153249211942196,0.022192542816952317,0.01906190514262601,0.021302477703467198,0.02215871549899213,0.026734358608048858,0.022423765962522636,0.01674972819970004,0.01729599293404885,0.015589114886257298,0.018008180013313394
99,0.032238246033387104,0.025813857855185,0.0342335232946091,0.03201545426531103,0.02100355478865615,0.030867169120335023,0.023510466213113097,0.02436512961295345,0.03358063564132962,0.029235418700262528,0.01887926864573539,0.02426159555375796,0.02061222867995736,0.029248061698875418,0.02873693314209182,0.01425198069570505,0.01703007245323611,0.022978851018327046,0.019954576710036465,0.02400080315690487
