,average_clustering,difluencies_score,score_paticules_matches,verb_participe_passe,first_personal_pronoun_plur,L2,degree_average,model_DEATH,L3,liwc_émonég,ON_someone,PQP_score,model_PHYSICAL_SENSATIONS,average_shrotest_path_g0,random,score_parenthetique_matches,verb_indicatif_present,score_onomatopes_matches,feel_positive,third_personal_pronoun
0,0.03498134856333518,0.03348673128523842,0.03455541651553944,0.03141533801314148,0.028623799657876158,0.036665083130224804,0.02959924589312804,0.02770194513557613,0.02711982869202252,0.025476418473830146,0.031987698215093854,0.020131077770630803,0.02758926151606427,0.025714576343158664,0.016445804804663695,0.02220912322150355,0.01974641782062509,0.027169034103920058,0.03187212247904961,0.019791186501903164
1,0.021060508535068495,0.022122667211862325,0.02122326065765206,0.02919586778584325,0.025344197714437276,0.016990009747360865,0.01441651026533437,0.02120542507431116,0.02030333126502384,0.022238437174352046,0.015006707421699867,0.021299980856916523,0.02348986879250455,0.021238625866054774,0.026311812559000378,0.022441117679910895,0.024518886111654946,0.021492854882139308,0.02093918094508257,0.020339117478292833
2,0.02434466249641599,0.022776231626476972,0.028872277458379666,0.029900272322636017,0.02830037067615056,0.018508874144305274,0.022766596862719445,0.021929044138232053,0.022432246361569843,0.026177648306252677,0.02162855733540307,0.025325307812924223,0.01978657369797161,0.02372052864733716,0.029274993720140068,0.021354430477965473,0.023648351761218295,0.024189486043624323,0.024864367228044686,0.02684807199161323
3,0.02351810834109946,0.02117442606461781,0.019419730038016156,0.02596586701889452,0.019340153094342945,0.020243999981210972,0.018872798980568133,0.02350272050704911,0.02279135458743413,0.018306957021432226,0.01522505472072245,0.015528597573908622,0.01817244119936057,0.019983151742015155,0.016238539866872792,0.017316656363689963,0.02177093384204675,0.015272591430078862,0.018205194214304755,0.013860390607220304
4,0.021166628648245853,0.019788908478923516,0.026411443573398242,0.019581155963486203,0.020118191425876834,0.026591429668317592,0.02072262174384437,0.01829871696207248,0.016430016873794348,0.020795170492471485,0.02393552942589509,0.016986704189717802,0.016159860966568414,0.02039252505763815,0.015666555126843344,0.01672467114096521,0.018942886282201418,0.016986483419716418,0.023682321432449336,0.021871761408923066
5,0.02865248979560437,0.03672946018504949,0.038502690031352975,0.03498181016968521,0.025320828794428492,0.03301548263847642,0.027173282795065614,0.031265338032218946,0.025312366926134,0.030681479775068046,0.026936196911468577,0.024323993422060812,0.03440479856002229,0.028033877586913638,0.0319840585233567,0.02437471853394416,0.02145894484142793,0.017599621762991822,0.03056126864600666,0.029181106107253347
6,0.021002765363664383,0.01914229654074335,0.01891879646674461,0.018429106012078793,0.013280725813496905,0.01809020295649965,0.02146845551081717,0.017967795648481364,0.019037189143219963,0.015122458970304396,0.01604516974946807,0.01920274361712212,0.01632917111457816,0.012796177685136844,0.017136327948043657,0.01643875649064439,0.013861250168000818,0.02086071829141182,0.01683257289139108,0.013062228153390488
7,0.02183610918224822,0.0213098553395539,0.014919793116600659,0.016283330499943235,0.015572410220409831,0.02142870782323368,0.020606952241479747,0.013054328057961993,0.020573986000003784,0.017327560779826758,0.01640041643746319,0.01142243148060294,0.015616856825284802,0.015292058915258542,0.007927240252201357,0.018019432489671233,0.019116917323910302,0.016098563409419526,0.016494829170756304,0.01958302479229736
8,0.025423681321204223,0.02272933085080363,0.025375151901496005,0.019941058542080326,0.02532494867262992,0.02227602351481986,0.020969943362923304,0.01792339147121787,0.024226834361455524,0.015913167943482524,0.02226773046691072,0.015808586218316215,0.01524601367068293,0.02106289432732756,0.008129193748215652,0.01973268944352547,0.012255549585853077,0.020683579128225188,0.017894026085414384,0.017289450774470836
9,0.023339293730192914,0.022486676416034943,0.01883057024173302,0.02053839263189644,0.025652586390824895,0.019747352172975366,0.025869156254126117,0.020624838827891654,0.01939330378342753,0.018886766444092123,0.015676371026572097,0.017255914159530927,0.022590298739767173,0.019038368127049538,0.02243373531551196,0.022207980872265658,0.02344167179019949,0.024152303545651534,0.019218058730354492,0.017772585639322033
10,0.025444510514721616,0.025239178481934497,0.02890726497823076,0.028260056050014457,0.030912213396099637,0.025146586517233307,0.020835464754942728,0.019852443522851107,0.016547605047941668,0.0219384048450011,0.02885458871554522,0.017747247543912464,0.02811391323621621,0.024222088333161744,0.023216795575449433,0.025742324484169084,0.02473903281657526,0.021355253871378984,0.02324362974789425,0.02006677955554536
11,0.024650584997349963,0.02935090472744727,0.02238112106953772,0.018509904938801273,0.023068060089133067,0.01935498563782189,0.016357017393364082,0.018808544357824593,0.017307512963127217,0.01839078161756396,0.01350450182112379,0.018035275897805292,0.016467547033975044,0.022770960781339583,0.02463374641525581,0.022010425359011175,0.02387955346926655,0.0192672580182755,0.02100129878228226,0.022430996294537004
12,0.028713880770213817,0.026274101901258153,0.02314531848037532,0.022794564049658867,0.028663015124425248,0.022553005083184294,0.02391602141791481,0.020388481476247892,0.016491165111987085,0.015676697721464558,0.02442540089554334,0.022378096795947457,0.019283464464935347,0.01797903481270697,0.02958693871347004,0.02126997143848555,0.032389412477121814,0.022161118493400564,0.019172628217565237,0.02424737239988681
13,0.020314482254740543,0.02458903659092416,0.023549068476966514,0.022984508485836334,0.024970434718553324,0.024821328836612512,0.01733246415495565,0.021590758408615376,0.014567837292904841,0.020299999294832585,0.02345821967235758,0.02376320501137794,0.02217339594908804,0.014780821353411785,0.02042468552403106,0.01798097591684379,0.01715374169194016,0.018726301428364525,0.017365802581623156,0.021204145248286416
14,0.02743608356863054,0.028627403287970275,0.026354095903734817,0.02928275515119908,0.02114067379109113,0.022512798210584523,0.020081092405148444,0.029380667952816634,0.02069222509520296,0.02223786434721044,0.020933264999384044,0.027979998448238123,0.021763138485548887,0.01843547596528548,0.018766559357482848,0.02222454612110364,0.023566088662262574,0.015044839274258884,0.015146973704350466,0.017522958891658974
15,0.01859666081582893,0.019684086100426143,0.023351874433301705,0.020516733013644546,0.016428644896742076,0.01660075003583626,0.019012931047720567,0.020025302768048488,0.01675170087942341,0.020405495486824986,0.021209288525845707,0.017478525260160183,0.017657541670611954,0.019824036743802544,0.013959064065678126,0.01646823516804932,0.01508998733985425,0.01749792783375972,0.02016991128291979,0.01744503234200491
16,0.019048664970933264,0.021008144580650215,0.021618292870074607,0.02191865077966208,0.018367005773850868,0.013656370522620573,0.015178033596977829,0.02278273640422339,0.019315522384697286,0.02040578818857055,0.01762234637435121,0.01784188077743247,0.013532197548185389,0.012704153757961566,0.017778316973000804,0.018774093254111928,0.014115489588150346,0.01599069015234061,0.015643216959701847,0.015910430241465476
17,0.019783467139179525,0.023321096638608,0.02240980274293352,0.019130691053792084,0.018921905952474602,0.01978668734224605,0.014386401719435508,0.020860781981857007,0.01685010934259939,0.013503075722156671,0.01855963999119758,0.015477000849564946,0.016008586616426065,0.0179919805000753,0.012866713509351915,0.01508860422922711,0.013527897490403543,0.014280422720450964,0.015272835524528036,0.013655663476044902
18,0.02596959162545302,0.0271850440703638,0.019369178908009384,0.023697221389956096,0.016443412738498534,0.0239276405198177,0.020661194268159024,0.024019147861587656,0.01800857468466603,0.021324766573562862,0.022361047142975456,0.020238218613567376,0.01970153168026264,0.019842659966598127,0.027888043018823264,0.020121972410949505,0.020240871451587344,0.016663923800212546,0.018060925677442604,0.017261801635695788
19,0.018474684781586398,0.022088185476673943,0.022971127934634974,0.024276478896339722,0.017436382812863964,0.019926028031722706,0.02144315932658874,0.021453128853487838,0.021855670776489432,0.021234350202595162,0.018686465432863706,0.015894753034729543,0.01550601336418778,0.02003601411763639,0.016665325610061312,0.016245132875716543,0.01693093009819957,0.014590180439844098,0.017012408803165176,0.01725251343808858
20,0.020844116767573608,0.017991584402763616,0.01855822852298165,0.0173218271233391,0.014473724654623132,0.017647407627044174,0.019072593704958243,0.015233445615136164,0.016278231309445317,0.013411430274123913,0.013908594224705886,0.019753061277826372,0.018233339715929792,0.01754634010429642,0.011197926228255982,0.018334546538618844,0.019134519889168186,0.021186215935982515,0.014449389056589754,0.013153781044141891
21,0.019223088953111415,0.022857654146884395,0.02105046682252144,0.024099504891541335,0.02409800443062483,0.022385632071970037,0.023447709689495687,0.020343477271724933,0.01986325830794482,0.019251377775852424,0.01632713570965379,0.017386394438463258,0.022750029893801784,0.015040980820286336,0.016440204229682967,0.01989181550539767,0.015518672706215066,0.017781138303566212,0.015491299118331973,0.01583001435923953
22,0.01888716605559545,0.02013348197845906,0.020436309870512866,0.017453446489760695,0.021153046599634726,0.022786089677849595,0.02075756462665862,0.017129955962828947,0.016636759665341748,0.016888905086780957,0.021881976947432182,0.014871629257500771,0.019915122846107115,0.016963151168027314,0.016851136625976912,0.015785337857687116,0.01265090198651805,0.01872349337288513,0.015111870541052935,0.016825380895926872
23,0.018854367999416505,0.02254667924557752,0.021411891087861196,0.017452321476352468,0.023068632293992856,0.019992296057556144,0.01974400391017113,0.015481683782368123,0.02136627036236133,0.015112962071156815,0.01606661374413162,0.015504763593106295,0.01628237359913027,0.017678788236608425,0.013722247323183117,0.017254019976120003,0.018518445085521758,0.016306107122428744,0.01652338096742002,0.01774873708018022
24,0.022074095610531495,0.02315146324492464,0.021281707548419872,0.021025013488308673,0.024969721691195546,0.020907583306122485,0.017804807833807283,0.0157125460404406,0.016653967123908212,0.02481581421898709,0.026305615163429004,0.017529007041045794,0.016096407893655518,0.019427164381349036,0.01731657907605065,0.01729708507340559,0.01831864299924332,0.021197816092800508,0.016658300043362384,0.020305046297436156
25,0.01887141431572421,0.02043861917070434,0.019743052170078206,0.021631348210396226,0.011330753211387696,0.017707466653015574,0.020547339522189987,0.017071131707241154,0.016403777947347462,0.017819922092528646,0.01478711169114836,0.01677143288256769,0.015142722408137759,0.009516949043273073,0.011747993876592243,0.01666567103202812,0.012649933177252583,0.018085674216356012,0.012401008097480754,0.01102058080481463
26,0.03641604346855054,0.02583903626259468,0.025153923760641256,0.03530687060144874,0.02747874559857847,0.03063645249322608,0.031930182652108466,0.029806784441817682,0.03125880062158544,0.031156962406440156,0.020470448988750885,0.022756068711406164,0.021114523095286334,0.03124902396173117,0.023439466239584615,0.02414187472874844,0.028439845440551312,0.028460867036351277,0.026825705596614836,0.0278668131525669
27,0.020376956404558645,0.020846181912934556,0.019087454632277925,0.019742425959633887,0.02183727568377631,0.02035182350818462,0.021969112756393235,0.02063896207294708,0.02272029676053542,0.01593738385519149,0.013191664494043832,0.015127452610968452,0.02224021294887235,0.01469929977790983,0.017756546806924768,0.01469378542751445,0.015111731099061674,0.018236419182334155,0.01631672939574759,0.015972386880512602
28,0.018396469718483948,0.02167063126605853,0.017851740255781134,0.019768804868106598,0.016510344224202465,0.021979193833569985,0.014348306522924974,0.019493858938692682,0.014531833666669111,0.013666586718185422,0.019680723345081173,0.01352545170301831,0.022832172877093902,0.013278475385306939,0.012297159196701012,0.015092998866619252,0.015646091504860526,0.016963215765617202,0.01805790797499905,0.019035389547692346
29,0.020796024849873505,0.018982942090566637,0.025609939488442934,0.02550831463894972,0.019005364135680623,0.02042943527479294,0.01965049890255708,0.018610844708511275,0.02335895335259956,0.020589889065354815,0.013803271626041098,0.013511292424298205,0.019478809174670486,0.0168424950183076,0.019279595522825734,0.014493373524306933,0.02046660015863363,0.013703079655964722,0.017447035549023937,0.015232080110147251
30,0.030532662421117088,0.03147307253305848,0.033142643226739925,0.027402578248146483,0.03249636743399244,0.028085195171856887,0.03286211989948823,0.023977263867976297,0.027677478088808376,0.03708675926979145,0.027716302000366656,0.02501345583873155,0.021699346269629268,0.03330518936442027,0.03928781075543685,0.0249026071641668,0.02633658119984609,0.02237919957849434,0.025079939626418815,0.020998072576616133
31,0.017669929467283046,0.01845186052605334,0.02116110099113072,0.017510381795099204,0.017074549977780726,0.019832489493789556,0.014412823249888223,0.01608030871539409,0.019891491080190653,0.0143077119034765,0.0168425031734954,0.015262864024525783,0.015733336469215826,0.018053499856946622,0.011924072174498732,0.015483231771362673,0.013922279246237528,0.012068762650345644,0.012439894913220005,0.013081038752627778
32,0.021107127851783297,0.01971294511002281,0.02193842872859598,0.02026958607243443,0.014377051027416501,0.02544331375320294,0.019539984710441067,0.018505933866672982,0.024668567625730588,0.017749553449629064,0.016139364730954033,0.01511579036357922,0.013622750151181614,0.021430988251891887,0.019132265678277256,0.014370928372125516,0.01391144415468748,0.011511026970825606,0.016909905179086155,0.014784527307268064
33,0.0295378906873902,0.02377453669837913,0.020478275294566993,0.02586834604440232,0.02910270692158963,0.023407131000417754,0.025362826566220853,0.02357924240156285,0.027330523331059203,0.024433554602879822,0.021563327107173295,0.024846277548008045,0.022820013676344796,0.02566552319426506,0.023217139829309036,0.023391433808628917,0.021883591449071347,0.027596078173060642,0.024773346267979675,0.024945138377554035
34,0.03057248243807099,0.030553585209709983,0.02559184810346446,0.025305162160000977,0.024430051313540698,0.025734936542867685,0.02656080307217143,0.022907337630589903,0.023860114695724695,0.027005027363326776,0.0210332876222558,0.019454421665005685,0.020708537009571423,0.022850929165491016,0.01959438671955562,0.02221905954444549,0.021509614212735943,0.023675786045900038,0.024591861864078652,0.01975222633596752
35,0.025839883726587763,0.023649352696470786,0.021859560550362395,0.019607501751756216,0.025212920203858243,0.023369877587671253,0.023150309235181812,0.016476554846615178,0.016378784548729174,0.0156673920389136,0.026342204590523364,0.023437086379935485,0.022161312982340215,0.019230889923932463,0.01872724026288218,0.021563318404153542,0.023037546745224527,0.017337574691453556,0.021215159141237557,0.019351544595206032
36,0.029285562061692822,0.022627176918847827,0.02842640689820146,0.032213403503219586,0.025671130249402364,0.022725196096545622,0.026988331685782883,0.029193212337344246,0.02961931054761782,0.025601709869036756,0.022538767169451808,0.025448961108651108,0.01983990590787014,0.0321541863623744,0.03773871380799856,0.022258936913212516,0.028851769236846167,0.02558454904491803,0.030710588367308642,0.027473548473990732
37,0.017793307739971377,0.017014052957450652,0.016126510270658048,0.01769667352516534,0.021659618574990998,0.017119497338672168,0.01579053324468334,0.01719662689409265,0.013767420904375834,0.019676283940752076,0.019245182090949733,0.018460347007758438,0.014808274483306016,0.021328105408991813,0.00823196658578957,0.016465762866626925,0.016724546298090382,0.016427545885599436,0.01290341975163462,0.013710347166270783
38,0.026382658914368837,0.0275100117351666,0.0247266633336858,0.020468778662894004,0.027893429662273903,0.021567370776540834,0.020917188076579465,0.016584324277070666,0.01937114718529143,0.023148988521063972,0.02478664370922287,0.020113306304869977,0.024960501341391467,0.016482279026202397,0.02167855030521745,0.017248173561290575,0.018011678099325353,0.02169299751796706,0.018544309474365035,0.019250357453986722
39,0.02272792660403813,0.022479953516653314,0.020247924056836328,0.025856975937728406,0.01275012958191337,0.02261822343712922,0.023877562060375696,0.019220410516062325,0.026369865073821844,0.019343309600736675,0.01979465288796702,0.017293900276020187,0.01560476386992634,0.017940221938127544,0.02125884349272031,0.01592849780752591,0.01930790677549285,0.02116284186414365,0.01602942578000442,0.01795480982204711
40,0.022864028716281945,0.021165955417943885,0.028388773221367722,0.023973889678371066,0.02157498824710854,0.024063395826778806,0.017501574226954805,0.02296855282090196,0.020777367108809976,0.021606872145699965,0.027472799376081766,0.01922245191729908,0.02154037549603191,0.02101417753196913,0.021187085812164743,0.01760775406978011,0.020986758375319443,0.022080776988225016,0.020919973201987033,0.01965993362973901
41,0.02330426696148141,0.023493515653955646,0.027311760360615764,0.019688577955531278,0.021884136446147687,0.022767035318828996,0.019883128483178164,0.02250231700554505,0.016784127192962236,0.021386439554987167,0.021890169644274968,0.026002037763278665,0.0260871479838365,0.021654905708395008,0.01814035227734838,0.01744710655300244,0.01799738148032653,0.019183384145557595,0.01716327815010049,0.016771673160232405
42,0.02364254089835631,0.02378012627986931,0.02350742651763467,0.022905974109028632,0.01709876042323363,0.020724301139507448,0.02060283357867406,0.023225646142288923,0.020929953757754,0.020059844954488947,0.01646418654062232,0.0193668763263561,0.01993886064185477,0.01869623709624502,0.020199370638048792,0.01665435691481558,0.017320472458878428,0.015700417759312087,0.01562548548545656,0.01523215020885548
43,0.020992923402293914,0.024389901572825386,0.024176470347916108,0.02519107028028632,0.024785542099302053,0.02201139488363646,0.019843356250195572,0.020364797601903014,0.021506559276781086,0.025849997262173574,0.02053066354761791,0.016229565017334142,0.01500491672531583,0.022869409259664453,0.017840771011197028,0.014957742531363987,0.014821532836578308,0.012611423144090299,0.020156112570860547,0.017806971171520077
44,0.019009378540694146,0.022499212698833385,0.019112814569306965,0.02368446977327668,0.014702458947979571,0.01946541486102059,0.015270932830745824,0.01918076642008883,0.017993622007478078,0.01676946339957035,0.014669531259267092,0.015608744155660556,0.014801441620612392,0.015595441399234349,0.01460058235017994,0.014352891957229327,0.01540341928065107,0.014647335907607001,0.01399210377711301,0.017262358182094532
45,0.029078196645020083,0.027761759809465856,0.028042384906230376,0.02336396739902425,0.01888935552120524,0.02633687851184508,0.022705049366836892,0.029043177695992,0.017466712775173265,0.01829225867595548,0.025585640609440317,0.015801089450802358,0.023125828759151416,0.01793462432460515,0.016060827003962358,0.021914931203565875,0.015055186828027142,0.016558103056007935,0.020955220556924406,0.014766383753806744
46,0.01825650648716299,0.018999425950966126,0.014741942254552134,0.014717145689898677,0.017103754229509754,0.021161128210224086,0.0181744241875394,0.022181220664474883,0.01490185429885084,0.01556996959944261,0.016266892379776948,0.016197657157926648,0.017766093024826825,0.015338197872008366,0.015318759331115336,0.017128559969867795,0.013461002554858666,0.016662772076241953,0.012710331473706983,0.014376476141413736
47,0.023064406180201714,0.01980337242522996,0.017223452227102195,0.0210121103452035,0.018552819537786744,0.01532196211063015,0.015600640955416597,0.020165403979722125,0.014924840992165598,0.020857463889811446,0.018856309326217964,0.018428753699936375,0.017665169369533978,0.019249127563812637,0.01925071585113838,0.0193959204010156,0.018617995047146355,0.018542332510348418,0.016073351331794355,0.017169623710215368
48,0.016584694131758268,0.016705821071978703,0.02043545594302499,0.018249097540729425,0.0248215264224235,0.013131304641201564,0.018130387107825576,0.016639147487416586,0.012651632399137533,0.015799246518343264,0.016692754650279844,0.019799591699120517,0.0158049999529128,0.00926419737824534,0.01662277721687261,0.01623511290404918,0.015483782129420634,0.013253121999687425,0.013867120523984956,0.01495474902050073
49,0.02985421983177104,0.03711550042079936,0.033114485480028426,0.03405781700506921,0.02309973377335411,0.025666442140005862,0.022254596827760938,0.0320272792565216,0.02504133097301831,0.02794720900275131,0.013824569022446474,0.029592686450182416,0.02495650791863525,0.024739425894551657,0.017592195313967808,0.02165362919489378,0.021140212773405085,0.02155420522607315,0.021356522447525783,0.024216140217943348
50,0.019614153076143066,0.02079075315933687,0.020082236859153505,0.018421306928208588,0.021771424035658325,0.016835263649997406,0.017764946114398508,0.01571409392978914,0.01739417727622003,0.018391990265248955,0.01881492170549368,0.019223466212169617,0.015658368119215275,0.01648341994258057,0.010674878172994942,0.017275311597951228,0.01422583982895196,0.017414632948233904,0.016208313739555197,0.01670203713770323
51,0.01699504980849576,0.019166534280979728,0.020997202161669327,0.017070854055096046,0.01804355468161956,0.021793816453731584,0.019813095193335878,0.01640077390415908,0.019183760478811384,0.018688075285609392,0.01634475144325689,0.022045713748783474,0.017810860554949976,0.01934972036934476,0.019509204328967383,0.015009235338718598,0.014380646986728298,0.01895586302419212,0.011840160000890903,0.013087088636564978
52,0.038144773046248005,0.03367062574051653,0.03464837260133779,0.03737589493415865,0.028809507665093177,0.03110817491637027,0.030091037883334684,0.0362687170599402,0.029215471880508687,0.03327267509784128,0.027561660982840113,0.03219730893752498,0.026179208074986894,0.03138734128792003,0.021762008081484437,0.02813549046593937,0.02819724176021352,0.022536244194739916,0.025796344585032858,0.02230702044897777
53,0.01779666309138833,0.0140993105138129,0.022438241074733016,0.01570025294016633,0.020851660945909102,0.015891224963592222,0.019764048067885145,0.01882292996190575,0.018671210278030672,0.014101484884081803,0.01804400355642212,0.017146784481757986,0.011366346567627935,0.018383000158955835,0.01772640639124522,0.011382701464725633,0.010576055548733275,0.011426984274641122,0.017157615495630583,0.014090188771292398
54,0.02443071144591939,0.022507521088183966,0.021304963968550052,0.02715577538669165,0.024394281178134077,0.025879375728694552,0.022896036655231777,0.024911386199809444,0.017482231382338977,0.01993178914155757,0.02513714626393452,0.02291599343013808,0.023317410409786632,0.025953697813821584,0.023928139461051958,0.024029036384837096,0.023207903258793024,0.01961237804792447,0.022506204300882137,0.018758622250010893
55,0.02335448556816644,0.02328726710121969,0.024747969835287716,0.025423614302316332,0.02620867562143569,0.02144342840368245,0.01904446064945823,0.022399267042482834,0.017971783386726007,0.02291711724565495,0.02347949084366471,0.018539796739551872,0.017544962151387188,0.02257729505974607,0.02064112803229444,0.01832564101734122,0.021382721998626224,0.0143051409583918,0.0163440966443113,0.016937885052517625
56,0.02258860259765961,0.019694912424623373,0.018429285757958623,0.018053965966207293,0.02405058809316187,0.02093150948779586,0.017507037772885425,0.019858949084471552,0.016850023592267414,0.019127912694507063,0.02323496029819994,0.020531466298143654,0.015984438979600776,0.014484365431761162,0.024402383387300462,0.015109285251756345,0.012700414784429764,0.01902192129262143,0.014117647174245022,0.01315537002265418
57,0.02236049413170047,0.025102468406884827,0.029847347040083974,0.03330170156360639,0.021993362547681077,0.026598406472255323,0.028695334327374686,0.023146099099917192,0.02446495489244125,0.024187099475202263,0.0234874288381668,0.025361412426319348,0.022144956175100143,0.024311147066656786,0.015101313924863028,0.024460796783963283,0.02432307700122642,0.022112108779505528,0.025720095619609255,0.028479556371311096
58,0.022679165577460168,0.02122229004374061,0.024420265150319368,0.014122994851623646,0.019187199579922824,0.01919823822264536,0.02015602245232991,0.017756335732290483,0.02215688174515971,0.014465604587256773,0.014674204381051653,0.018394146389870643,0.01761421048269833,0.01708842981006091,0.012924056992762842,0.017062422154551216,0.01631190266395565,0.015648796565463894,0.01900557640298291,0.01645141969219844
59,0.0252198968917643,0.0290581337173702,0.02999387280515916,0.0256058628516911,0.03266809534930749,0.017662983958228618,0.024223917645695613,0.019463376778053664,0.01756598923604356,0.025227604621538235,0.02180065660561708,0.03262819497010578,0.02534522772898097,0.02055730043537457,0.021122562197140458,0.023957155859916878,0.029768365424583932,0.025206348811687398,0.02207211053631397,0.029183814290629117
60,0.019218318066196494,0.01808106748151811,0.021158184348608153,0.01996450477879771,0.0207149111660797,0.020517335949971807,0.016130674299895544,0.015849279735910698,0.0179823542260504,0.01376678354965981,0.017874109575357736,0.016625556015700007,0.015930807873900145,0.01882108130882089,0.022780688942097997,0.015110946640742529,0.014784531545309341,0.014662999653490685,0.016333719277649084,0.01487357165425078
61,0.018188783374090207,0.021572194961103217,0.019755037253431158,0.019652756103501735,0.022745071728643335,0.01472548931366446,0.01882194884070455,0.015620114947010846,0.014339177918013288,0.018471436330715758,0.01991471295118755,0.01600185134610072,0.0166922821270768,0.014657451618461199,0.013326521967358505,0.016318252236743637,0.016351795933074044,0.01129585580365475,0.011889598919682016,0.014675409967777626
62,0.017460213068019967,0.020871107454102332,0.016571837252699454,0.020974325789325073,0.019076928333328216,0.01558829715783659,0.018019419124533313,0.018140022305294778,0.009770370183414707,0.022263322738225323,0.0171041645262005,0.015305567566762247,0.019551256929741873,0.01922964255011354,0.006606435272409874,0.01661874711983876,0.020800124711110018,0.01786462455446695,0.014520309344352268,0.012804102882391118
63,0.021534007841498653,0.02060550998656329,0.0218552257872762,0.018621433192526158,0.023088686533100075,0.023458084632089357,0.022405106814522898,0.018326250393698458,0.017317083021405617,0.018653412212602086,0.019155999605159853,0.01693191320817681,0.025637394198831424,0.014869824602398904,0.020785425621638626,0.01641442389373723,0.01913431448262626,0.01979575250366312,0.017701852133843957,0.018358028477995756
64,0.025528847551957497,0.02518810111573916,0.017229233782579786,0.023074469697862747,0.022028873732582763,0.019090664097734886,0.018356662652270105,0.02434206132127431,0.019156846460397767,0.020458944991314707,0.022123717183184247,0.02175867831542918,0.019381280909815578,0.018656313848135743,0.011610997367535205,0.028055050278857466,0.019364912370923058,0.018594780962599877,0.015270515310615693,0.01575447810789288
65,0.02053986869545212,0.02122100205381977,0.02377925427035396,0.018599083172598632,0.025351624664392954,0.017800123053602197,0.025454581342281405,0.020629990009427925,0.022849980733247784,0.01632426556362962,0.017122639927266495,0.016185053311224766,0.01843676214917203,0.017236397451741874,0.013785689926813642,0.01598409976596673,0.012540289420889751,0.0176972485772251,0.019186757828094335,0.015952746904441626
66,0.023124419009640605,0.022406432259665356,0.01856189787250036,0.021577946697360066,0.01905846830420048,0.02279093247881852,0.023919567216716533,0.019849467148155407,0.019614888600043387,0.018512400934603723,0.01426516400539642,0.017290227271173703,0.01979211689585548,0.014257654828445805,0.010952809594627397,0.021080407481843103,0.019441338396999668,0.017283991128062105,0.01626342395643723,0.016901245809637824
67,0.021479230313799603,0.022832361792667736,0.019665794728243983,0.022888242849711245,0.014599108153754157,0.019431959710665178,0.019495058470529975,0.020509476163564674,0.019713180968695457,0.016973831224908614,0.01810290568343739,0.021467021044398855,0.023680350451449093,0.014906071449329985,0.02390463534778783,0.019754796265054837,0.01956778184210619,0.01816538974319454,0.01735367732043217,0.018218561759756897
68,0.02687197428183743,0.021327637409097214,0.025809680915813826,0.020908747769198367,0.026320052286376416,0.02411885088587162,0.020965096362225887,0.024096855201337995,0.02672695120667627,0.01548413265416409,0.02933387689140847,0.017449644974506427,0.017375332693526188,0.02170096384983456,0.019381584930708,0.017850256993300118,0.01288096106427537,0.020261714531421962,0.019502093336171335,0.01799142594855283
69,0.022160402898273045,0.023112628197608006,0.017523183821293437,0.02707057220124295,0.015109177694466427,0.016031395060313074,0.0176342489588882,0.023857340051878867,0.019858922864800125,0.021230147144636707,0.017847312616296136,0.022829861540321388,0.01581016581423321,0.021235440129403198,0.014723998943159608,0.02106529362776891,0.018437539288795334,0.01830538908213426,0.021657604671216274,0.02041874664683779
70,0.017088422031637625,0.01723902915775199,0.021792293221406075,0.01735906646246352,0.020591177657963155,0.023350279710306378,0.01616673803845715,0.016884405221003387,0.012342148588791913,0.01757016902583756,0.018131082275101525,0.020041598183956778,0.017271983498323012,0.012742745506494256,0.02399643481531122,0.015349725785006174,0.01182728553000094,0.020376694286234516,0.01559123328378403,0.01605733349671432
71,0.023524234473960823,0.022195614952993523,0.017262420417220283,0.01979328857841315,0.020401898654526265,0.021337005978735727,0.0187099552511308,0.023605985187073013,0.018695589262263175,0.010570567157351624,0.02106015636234165,0.014969066183088622,0.01822333827956929,0.014532941780569564,0.011144144050631332,0.014789258680043374,0.015953430052726186,0.015247091049779785,0.014447781382207321,0.01554151970496806
72,0.01599315892768711,0.019513499609497838,0.02591365253182306,0.02018199566592366,0.018711398630403175,0.01758435111229207,0.016654108519601526,0.0185520601812597,0.016142784631690856,0.025228527263793262,0.019439698776994536,0.023680989628431272,0.016000867951035627,0.017817410508313734,0.019682710545815683,0.01654557537235474,0.015959050250437683,0.02071090836294281,0.01669488067759158,0.023509907587999698
73,0.016698092408155948,0.016955650005162023,0.020821984591469566,0.016706658131188244,0.022967956769467824,0.018736799670075698,0.018979451842928423,0.01441483092937395,0.01626922814660272,0.020722361073373927,0.020325471320233265,0.017520055624033262,0.017728280120642433,0.0163801571678628,0.017873516932509614,0.018678586445769457,0.015334641727676875,0.01749036307357569,0.016053032963861524,0.015066104724240083
74,0.025513998351091634,0.028726334815623467,0.025222500675659454,0.028542732367185613,0.030588080842160463,0.022366708058936022,0.025623374879289704,0.018551897015881058,0.025552925802849947,0.018416793055392518,0.024488972798200292,0.021586976317733243,0.02799472302643117,0.02282489367951063,0.03293239170381096,0.026936227644819684,0.027081095801410885,0.023034411266708472,0.024209003626359762,0.02719118899917333
75,0.022315190636247907,0.01900485187102893,0.02105259420699283,0.024898377192117238,0.01528783360321057,0.01984760878306658,0.02109078742129035,0.022249784548955123,0.022008568360941703,0.019128605996956677,0.015045634819674643,0.014859936881353928,0.01803334511865001,0.015210892086997581,0.010817421176921901,0.015786224355401612,0.02026338350849405,0.017430307614993014,0.017624067400409088,0.018315391626424562
76,0.020833459850338736,0.016246593030440154,0.020971155164837923,0.014905107153173391,0.022163788110606483,0.021798578321179908,0.018862193671845644,0.016002788508422156,0.022998498595218114,0.017984501119791867,0.01763604923372833,0.018133840681519534,0.014732323922551091,0.017750946543200526,0.014971890638522766,0.01738232553783215,0.015741724595106046,0.02026937751234089,0.014899481109684497,0.011560771138938579
77,0.018594301452003838,0.01851266445291253,0.01774351879887323,0.01590462774554697,0.022247311396749837,0.01374967439695112,0.019484258392814677,0.013864001402075924,0.01155914305169441,0.016951353281301457,0.016335307541172944,0.01607634147602236,0.01915616444382294,0.013393544347862737,0.01786448609688785,0.016475316607651672,0.019812193067247314,0.013933462223990714,0.014525443639843219,0.0190922721120868
78,0.029441052677578978,0.02334442122941175,0.026614557349776885,0.020535778108736233,0.02020855477583363,0.02305340093041032,0.02436755713270623,0.0222946563377704,0.021775531257199495,0.021850927303299152,0.018075230611493423,0.019603674403500297,0.01714265522273873,0.021716227513230796,0.022087171334320407,0.018032241444338473,0.022935833732271125,0.018541568337923902,0.023083083512513987,0.020637768916770213
79,0.028328611667101593,0.02603287446243394,0.017724044361518674,0.024376702934759208,0.021099053050369826,0.023256292696416096,0.02240482117231644,0.016621394618167053,0.019923153830527025,0.017473135126653248,0.023078031843535986,0.021849576564930646,0.019251084492130935,0.021347691093495415,0.02281496721054289,0.01839685983044563,0.019123022103511782,0.021793986941779198,0.015140591046173804,0.019585786971291094
80,0.01993304536212958,0.019804106631214447,0.017781933799796146,0.022913485697617034,0.017687872414462527,0.019004445063999193,0.018536476426054237,0.01814531989451918,0.023761070366108823,0.017901584830130848,0.01572663180711057,0.016065096249240938,0.01977928240999279,0.017697124721911806,0.011448397816509784,0.019709641730555817,0.01827169117923274,0.018779462025455537,0.020903147668029785,0.018685705343221785
81,0.02450736312496261,0.02483691479017027,0.021093276756108816,0.02843061807956227,0.02517193220133064,0.0171509253087696,0.01929703928614441,0.024290447879292562,0.017051785375402678,0.023409749058065636,0.016907385038996036,0.028865967896852904,0.020054812693168094,0.022533563114135343,0.017983216856554622,0.022475965916059888,0.022849908844286497,0.021676444871465438,0.020426329228386046,0.01882198535138258
82,0.022678660018195705,0.018137492671324463,0.019082372860852265,0.015800322287971545,0.0218272571109011,0.015449884300413642,0.015723107759201823,0.013094868191416125,0.014517207644374273,0.017989830258101355,0.018976660497511694,0.01788006891191756,0.014068182205268735,0.0181277319007895,0.012615958933242402,0.017162685819405634,0.019863873123422537,0.01553327123871743,0.014890347555697899,0.014138950941156149
83,0.02096019831460878,0.02178700912658308,0.022048265617736672,0.0205883119470423,0.02464953657088734,0.0209735429153893,0.019652122580362582,0.020147398251357612,0.015030086807901695,0.028294310744175294,0.022988543949507077,0.021651892260207625,0.01531608491017241,0.017317566409136453,0.01380810762654205,0.021327265371856117,0.015501123285868326,0.018251407244787018,0.011569137487974682,0.01615004355496607
84,0.0363085145448226,0.036600813844512886,0.02946252246510514,0.03198547426463028,0.02714748079624398,0.03553770676030582,0.03062461411150035,0.0265328343360374,0.03354638468171569,0.033944403870879755,0.02448358489268944,0.023033713150396123,0.026867096116378584,0.03186452367692617,0.03766631432682504,0.02839506547223311,0.032589153699984955,0.03052440844125321,0.03025025203547764,0.03427939334401439
85,0.025770852391042744,0.02296593953543072,0.022872491703071693,0.02172756313379048,0.027229240266517244,0.020840930281059263,0.025603241991522162,0.017408158159030736,0.025038625154648192,0.016540992205724084,0.017367198993398773,0.01796392626460852,0.022917666160464676,0.018504329711646873,0.028205470508178183,0.019933503258262018,0.020477107959894512,0.01870387784163821,0.01881227010877503,0.015611929753095595
86,0.019739088449777106,0.019076969409771032,0.023940436478411382,0.01938722743145886,0.023143583794505932,0.014988993413006456,0.01724178614834627,0.02019154654133507,0.01354904772761216,0.022186197922685866,0.01923829304391215,0.02105741643895466,0.016968071153457106,0.01952247016021858,0.021397544267314574,0.015815006997673055,0.019016688370163057,0.0132487556340999,0.016996349564208917,0.018019157198347742
87,0.017257748467099206,0.022888010693462756,0.017805985334801995,0.01662170830696768,0.012013931346800429,0.01936881846817124,0.01795708517875696,0.019898195790928982,0.01734521745588793,0.014160203451459158,0.015327769944489743,0.013347209714787481,0.016424165875064574,0.01059596580785879,0.019227397516693744,0.013327363289748848,0.014335641624808645,0.012214103283955467,0.014962202533258303,0.014546541629738473
88,0.023115268104620366,0.01867527002936444,0.019101081160114625,0.017493121763060993,0.017860380971187646,0.01923654476736021,0.017778250805198147,0.016758492502288523,0.01826093496537758,0.016505750639183366,0.018339376841154643,0.018137020331765757,0.01919898850893354,0.019467564976446996,0.01708546824967098,0.015865849622953686,0.018961641753159023,0.02063553862819599,0.017746476715415245,0.014092996278284605
89,0.023520787884786603,0.023007084209940746,0.020256290529700963,0.019700233355468718,0.019020152826813023,0.022527426704531544,0.02140031735751443,0.020368115391046538,0.017379070488311,0.013422938168986804,0.02343676764693296,0.01939189964951633,0.019499104339804674,0.01798127006383783,0.019426296598358483,0.015531355020662543,0.01878224099606121,0.01554128555168194,0.01895001153858621,0.014937966702678522
90,0.02208292093535187,0.022850960611372692,0.019041882881643712,0.0178147648209828,0.021684797270683783,0.017425672351082,0.016663290323250514,0.021168541820166656,0.01918059068774075,0.019429717653446695,0.0222916313370813,0.02100989999039341,0.014181899071826862,0.018458183122460017,0.019257022378313317,0.018042072719190123,0.014663180519379199,0.016588659673774347,0.015333983706460413,0.012232062087617677
91,0.026941806403244502,0.02506464406653027,0.01874938402167314,0.021461956034353698,0.01853589450377004,0.024704560389561418,0.026266025409339568,0.021667103018484547,0.024041180210602434,0.018507888409840734,0.01667662284288985,0.016962978675926277,0.021094862093331765,0.021810961989814113,0.021117360989665664,0.017544925973936906,0.01748109461501635,0.02133503477902652,0.0204738309673215,0.015132605731077064
92,0.022742636909970127,0.0157253049442511,0.0217137461883077,0.020456618519168603,0.017486102697881388,0.017032854482126755,0.01838057085482662,0.018789568184280653,0.023449266380676154,0.01800097169213206,0.020099676846519865,0.022279578044684622,0.018188172569697042,0.022970822956804686,0.013123126476374699,0.018766956605325135,0.01715174500442603,0.01826472224781221,0.015547131339714868,0.019236084672120225
93,0.018573412730964783,0.0216537983572601,0.018115876238335212,0.021376688884136488,0.01523661236855105,0.0196446254583809,0.01993765560774739,0.018656541163489897,0.01970990486558835,0.013448113893682792,0.013095224524586722,0.023399672542322586,0.018857209804906294,0.011302750174698815,0.025705413213973356,0.01830480898354838,0.018356466969714283,0.016445077937685043,0.013062526117165385,0.014413566650889956
94,0.017119129745769745,0.01919462141579368,0.0193406063998456,0.019291727873767376,0.02102794034787831,0.013084288493156819,0.013267299521441152,0.016006556805485586,0.018706748134574555,0.014303640870010594,0.01629642668677164,0.015404241299633664,0.014213244263744715,0.017456618542306346,0.006471366248800928,0.01643040890448852,0.014309320773014163,0.01205668726439044,0.015639745061551816,0.015596672209431863
95,0.016673517285055534,0.02149345210798122,0.02328830888713007,0.018206774199688292,0.013533401984721919,0.015331346524036902,0.018149043438779548,0.018066793313524437,0.020385981678903715,0.014584136384650505,0.014683178970552498,0.014462862919245402,0.01874627038587074,0.01428968840924394,0.014624608508895439,0.01345818702460205,0.012056274538621398,0.013811747546510208,0.012291616280588075,0.01584653421423875
96,0.01958720931596839,0.021421330041013133,0.016883447665170196,0.016245737775592187,0.020489507601271356,0.019588937896377355,0.017121950611227524,0.018488020473399005,0.018160075572323856,0.017004826055720075,0.02078199483692883,0.01307205006857566,0.016515134147053686,0.010948102711774798,0.011428778633776506,0.017915018375640454,0.013126963998218059,0.01722990475999082,0.01373200242251853,0.015799566506783675
97,0.015933518148583688,0.020323482540248492,0.02221151286792348,0.018426101420355667,0.013809875480244179,0.01723494899200745,0.018745303327416498,0.013931453957951413,0.01633338801271381,0.020573394988168313,0.011665497711696844,0.012542711816900825,0.013611457779108454,0.01594668047950967,0.02023425272931623,0.0170543277107973,0.014620174011305484,0.012607888141076816,0.014217078132897586,0.019174016065891156
98,0.026435804357064926,0.0266537188619678,0.029137852285098652,0.0272762351167172,0.026648066246638333,0.03235260468638543,0.026616307412628767,0.01964339420835525,0.026438645260574788,0.020486952042425885,0.02821493608193673,0.022328593630039573,0.024112623903658797,0.021734426704399252,0.028152957938615355,0.022612891514523656,0.019130908759262693,0.02350908537578726,0.020139909386319085,0.02430477414926467
99,0.02305767853693503,0.019924104766260962,0.024417971262600726,0.016960484537854363,0.021932723527654772,0.017433464733202397,0.016015748847362662,0.014647208963763992,0.019093564397796168,0.015234025711169788,0.019902160719174975,0.022395029836328694,0.015805072775471392,0.011147049369384878,0.02381864264336205,0.014927406819709907,0.012379078047918463,0.015229220549551545,0.014666419384336328,0.016866186690524747
