,textblob_subjectivity,average_clustering,difluencies_score,PE,transitivity,LSC,model_DEATH,score_parenthetique_matches,textblob_polarity,verb_participe_passe,score_paticules_matches,average_shrotest_path_g0,feel_positive,degree_average,passive_count_norm,liwc_Ã©mopos,direct_discourse_score,verb_indicatif_present,model_PHYSICAL_SENSATIONS,diameter_g0
0,2.6243638207403013,2.1454118821372825,0.9518881951735899,0.08366550713131371,0.6289572925024386,0.6926316997145416,1.707144205527746,0.7800882940496409,1.43524606455241,0.9772387562808336,0.0,0.0,0.0,0.0,0.0,0.8674663006752946,0.42220450776175045,0.0,0.0301379119836517,0.6384115309072628
1,2.523783144598555,2.2172756189322103,1.0683297736015385,3.1563408626910014,1.58094109514884,0.6424449055431048,0.5804863043370346,0.7573846644328769,1.3031158761322033,0.8480841477623973,0.5169627215046179,0.6358597076913317,0.33516334878434,0.11062825385710393,0.37178571964836793,0.0,0.0,0.0,0.13436746202651667,0.9448465861171241
2,2.7254402978960637,1.2548479622199697,2.2415605466428015,1.9385845728869378,0.5809675749509448,0.35008465018724544,0.418826061817805,0.8544468208184242,0.5169308865556371,0.4083856266467671,0.6416904842992216,0.0,1.169146427780317,0.0,0.4861754589220229,0.473800501319502,0.8903555405118203,0.0,0.15190191580129186,0.3005674999521638
3,1.7051760599010888,2.052350269331604,1.6084856173430644,0.8441820352696873,1.0409361152039565,0.6938927063178139,0.5247544461534538,0.7770229696599937,0.6322514248604798,0.7687987920311382,0.8006129379052962,0.4743928439411838,0.33900728520230466,0.5441672929489408,0.0,0.6778324449173515,0.5797123267250602,0.5373652956433249,0.507098088467093,0.002070484744926932
4,1.7514168551912386,1.825769685766202,1.607995376500382,0.0,1.0267362228083525,1.2458282987558822,0.9144143702803997,0.6713464726981556,0.560288502707771,0.33988043991537514,0.6241222266543526,0.47810717268189695,0.0,0.5207131537659605,0.20714547383370713,0.5804399199572665,0.04512649179185431,0.4531953369455088,0.14683466082308858,0.6881206655431829
5,2.716230353628617,1.4169649009857328,1.025908286988432,2.4023796625390736,0.9980524694375791,0.6493262131523709,0.8355198539830723,0.523641751229556,1.2319459365308079,1.008476443588865,1.0426622769701814,0.6728764078890515,1.1630325667996688,0.0,0.0,1.066033283381572,0.8187006128722664,0.8343272465828359,0.35317975347866437,0.16780729887128956
6,2.374936081933177,0.9531527626115008,0.9812397360079022,1.1114300901986711,0.9715279471374998,1.2207101986257942,0.43907767980297824,0.54306347233935,0.5914972412587027,0.0,0.9340500200692535,0.7938593587637759,1.6380044887687788,0.0,0.0,1.2637322424046646,0.8293814054829942,0.0,0.5804426861475821,0.41890789386017485
7,2.5771783836735778,0.7205190835562314,2.1776583960907625,0.6276201814876038,0.9722463673533654,0.88274106035753,0.8422495636591097,1.16035403096197,0.530760642419967,1.2280606691040608,0.6451738067224776,0.4173818189788321,0.24656730284263964,0.0,0.21428192333012816,0.09678841877284484,0.06556649549725507,0.0,0.6170674725997672,0.1328832788518339
8,3.400353873992405,1.8109705944384558,0.7861807900662441,0.0,0.6636837675316315,1.3172721629828326,1.7012716356505446,0.5882146583352517,1.2902720153850866,0.7269899176521882,0.27675562287760397,0.0,0.0,0.8789220101977689,0.008757376778682355,0.19558549040012455,0.32240091915815,0.0,0.211849091022613,0.49375121652188275
9,0.979070424469021,2.4443451809761876,1.5602839134586728,0.711564265444659,0.7072759472051875,0.8691672474310599,0.6130059956004401,0.6706555946215826,0.43068718391326966,0.7403360948964202,0.441420541343071,0.0,1.1369749308752035,0.3677166120062364,0.0,0.08249326272891783,0.6238778800602056,0.0,0.3310262890980615,0.2981247388192101
10,1.7024715813405427,1.3802815369492896,2.112675093837942,1.4933903926146295,0.5603867854689508,0.7473220116299043,0.3749995099586613,0.6730610290172455,0.5929252850358606,0.0,0.19993668905171216,0.3753389149199942,1.2665499060175212,0.0,0.0,0.6601307417760236,0.7386458766069272,0.0,0.4717851068184506,0.3650079486955832
11,1.797478070130349,1.1231576033629183,0.9868986227050373,0.05853442643215931,1.5038250259344899,1.5373337227737873,0.8371346332406654,1.3089087669859898,0.46941184938414743,0.6367664434051176,0.6699394002743086,1.3975845989294116,0.0,0.48895952585362096,0.09618901945757692,0.0,0.3147034908945351,0.0,0.36959450658658816,0.7140089705095994
12,1.7494292843831356,0.9552960562771206,1.2481097704234787,1.09207785422391,1.7285830056685298,0.89860254249337,0.7407089954774619,0.8807826535977884,0.8127914676068717,1.1057334964449055,0.8707521226494241,0.0,0.0,0.0,0.05675808058283759,0.0,0.4792722742986985,0.536797287590343,0.30428555533282375,0.04688803486794949
13,2.162095698826435,1.6301003238680045,0.8497076677635161,1.5602724696949415,1.3154223739352333,0.07900141066410252,1.0339042525220057,0.9771501032036013,1.4208547981854518,1.1470595826019614,1.0666289822861177,0.4811109089297133,0.0,0.0,0.7414763669307657,0.0,0.0,0.0,0.17604933906039436,0.3184758528910298
14,2.2096119593644685,2.6199740511827034,1.1022221706326043,0.6398101879220641,1.0546873094627314,0.5116489574912084,1.255602766579839,1.0731037523358868,0.8258818918204212,0.3278683013445301,0.8646334307333621,0.220164429024746,0.6602529776459405,0.3901789637734961,0.8371109958498157,1.2459212554611503,0.8514834115837805,0.0,0.21859052469836554,0.11453328881798162
15,0.8465111113289713,0.30036672985926427,1.7583413254948685,2.95722777130335,1.4054221628540353,0.9277216961034348,0.9901359852148074,0.937431551631056,0.36532811694537437,0.13025734322617835,0.5113793288903795,1.9159813352468527,0.0,0.0,1.2849284771976308,0.09888549370458925,0.1778621244972267,0.0,1.0125331874680394,0.7916534583923307
16,1.5981026851704379,1.371872194790959,1.314977122798461,1.5680423953569849,1.5584626518417921,0.6446979350261492,1.0964266350767509,0.6840358535232008,0.7848286085617057,0.7851293055154641,0.26742257683128173,1.2403213879460115,0.0,1.1554220715201218,0.0,0.0,0.24170425886454955,0.5927392464557966,0.144934357579168,0.44508049075159106
17,2.391379110347489,1.7946294013693287,2.170988968135329,2.4586817033410893,1.1437418328289437,1.2369443066320869,0.7921663608354267,0.5508881631340707,0.5143371413806791,1.2732644134422453,0.5558178469373956,0.23142777077240023,0.0,0.0,0.32567549910020815,0.0,0.8064284860466057,0.6088384317359983,0.6089796916504704,0.19038794728276842
18,1.739747025582168,0.7197781611150315,1.515217713969784,1.8849045371242183,1.7714175181467466,0.6913682103055471,0.7718184548816871,0.4831512247930415,1.167749089457047,0.6348449885635077,0.8138202906010523,0.6862489138001967,0.0,0.48971779798091725,0.9098681230381425,0.05112701366208148,0.0,0.4876044430983255,0.7732050002045677,0.5114906139078272
19,2.8938937528589532,2.247379426592618,1.416282233762738,0.0,0.992467342981555,1.381986815999513,0.7903796374322452,1.0314363915836238,0.054415867412870564,0.3739388474127368,0.4760499873246544,0.3222936573445184,1.6359064306533335,0.8221975900817025,0.0,0.8927698650021708,0.3192261363796458,0.0,0.0,0.37434239720620116
20,2.9876022345927833,0.7676518202503192,2.714796840234236,0.628204880145195,1.0316353011235335,0.9583856902563428,0.10011401132366818,1.007052893370184,1.1535312747136668,0.009732001027249167,0.610444024708784,0.2091817161403772,0.363760773103191,0.0,0.3022532072492111,0.2537323489364198,0.058601564563164676,0.0,0.6199549843651478,0.21407501652537583
21,1.4202010424977585,1.7948295851199263,1.5894035390189378,1.1958748119426337,1.2065213299993105,1.092165744498203,1.0729967571509524,0.8939667307809551,0.17331210162403557,0.3502261510849012,0.8231304285964174,0.6418986210985148,0.38132690832477595,1.8965596136190934,0.4924598170179129,0.023151731454690506,0.33909835596120724,0.3879954933492378,0.012188881585009666,0.38278070721851115
22,1.9774694937403028,1.9229368658864041,0.7606992944910338,0.5827150755820488,1.2448266331493292,0.5341430963327468,1.2453013353721778,1.114325845176365,0.7986498282948217,0.7991390157188394,0.5228933948542448,0.5588452847626667,0.13780955139020545,1.5228923204289393,1.0551366317411055,0.0,0.840831049380933,0.0,0.037196344472426146,0.0
23,2.331682667406625,3.1761826352717937,1.2970367817449289,1.0221635790678965,1.0297030977406159,0.5380568246935586,1.5625220276122271,0.833461821618655,0.7251738891212351,0.3010054554201397,0.34567163285637054,0.0,0.08538859094078156,0.697883521904592,0.22884252048768794,0.435484032624638,0.0,0.0,0.595204106803847,0.02624706878025588
24,2.837389634844382,1.3198787487507238,0.887661850084909,0.9440464681204143,1.9398235638255577,1.5742809936695654,1.8301471940196847,0.9627377222475193,0.5626078365086538,0.09625386751717803,0.6142396583980256,0.17336942107578823,0.21075323954707895,0.0,0.28515475520623423,0.0,0.0,1.3273753574933693,0.2466109507936071,0.38034561331722333
25,2.8096673438748696,1.931949881575894,1.5132621668096238,0.7708432982287986,0.8843019044425432,0.8754659202867873,0.6398176986836088,0.9379197572984972,0.5244421720306071,0.5755495666780509,0.5158642945163813,0.4642979889018148,0.7889600099758034,0.9328269178658185,0.31065717458070025,0.6609592733332417,0.0,0.5788683206921712,0.27772973143059315,0.507842560420602
26,1.33914301319147,0.9506730206698275,1.872813229829135,0.0,1.0686658251902612,0.890684471486777,0.8560924777523014,0.7982189505587344,1.2286166902554458,0.3289540767780719,0.3223967293543658,0.0,0.3664051389051838,1.2430234015012556,0.7906761401157613,0.9560756644453312,0.07753092751227776,1.8486723069174995,0.3307734216770555,0.5986827983800815
27,3.274102863405614,1.9953663085566247,0.850031416336972,1.2132948969177995,0.7828617094724598,0.7998584348348982,2.2696365200270012,0.5025017052139806,0.7571391748092662,0.4816895362609159,0.3707683857620459,0.7830495544385125,0.7909049378079449,0.0,0.49421977018119284,0.8273674221190689,0.1907663152295708,0.0,0.6673387020873303,0.0
28,2.886354877811352,1.113660519317206,1.5136298812383444,0.5208730228323121,0.8675530097770653,1.101335327450093,0.9217198701100224,0.5969340860009446,1.46732164587102,1.5547748783188076,0.6602349184460746,0.0,0.053932744735683755,0.40979995935546787,0.23944618983068006,0.6783661804158737,0.3629566482952358,1.6386927217304583,0.3358668544869791,0.579777353125318
29,1.178251887911892,2.8327727393776723,1.439060640572406,1.69725831938102,1.906835838583862,1.3925148993548357,1.2300961869813847,0.7663128043935428,0.34423326273805727,0.7260973693243248,0.525511239239139,0.0,0.0,1.695412018694554,0.8112320319950935,0.12946346140118148,0.327391254174542,0.8019796368022735,0.4233939149726148,0.7198906676906033
30,1.45636311147535,2.128176795014837,1.5536775444301756,0.8795701721674124,0.8687594288489411,0.8059877236962083,1.3225229862662649,0.8212632786229477,0.43450189257852245,1.3526462300723816,0.6095867822099496,0.8322829529329996,0.0,2.0425256154803386,0.48982403576206474,0.0,0.5752411131868312,1.6259106246011674,0.2766667286854021,0.15312964791819653
31,3.2985989770461996,0.9591465688195785,1.4601197857770956,1.2126889465089408,0.6546225188160467,0.9099025147025859,0.981586601064286,0.6780907748541846,1.097062271680812,0.9172700826283824,0.536607844317088,0.6113931648390725,1.4937289381253491,0.0,0.0,0.7347906154826025,0.863220561600162,0.1648237721432663,0.1634528870712845,0.5596018581649109
32,1.1191653514011464,0.7564847089647665,1.61698923984413,0.0,1.6944278416485232,1.4279662336450225,1.066982777647031,0.7449015950375116,0.11123153392092976,1.2979454862896078,0.8532393297984603,1.301424012740512,0.6507755930922544,2.8025063835722226,0.8485092382160107,0.1715958887661514,0.7413075095682398,0.7569654911483537,0.3631749094399287,0.5045371038454666
33,1.7291876265405886,1.858094571671969,1.4302987351178083,1.6469656924067066,1.2062263717913706,1.062064768910784,0.6085858765737048,0.6672314778213391,0.5627550649949015,0.0,0.4422293835639179,0.2030025066225278,0.4626503885850222,0.0,0.3652015070391946,0.19976808450818212,0.2679915387060459,0.0,0.6415850324680877,0.5045386534428326
34,3.4474717357197386,0.9778427287588247,1.3541574950884745,1.7773644631101662,0.39331705667688044,0.526316808971283,0.7020357356201973,0.7572766773869958,0.7683713932136336,0.7610942584672036,1.1193412071445819,0.20306160482610208,1.9360849617941527,0.0,0.0,0.051768823341827544,1.1557998922531543,0.0,0.35174826012938887,0.044167418984125247
35,1.9590403619028751,0.44443253286886153,0.6686549290279946,2.5583468468384156,0.7799459652293245,0.8320692857224256,0.4918654713148738,0.8016556784516299,0.5069037591324825,0.07885392074381382,0.6676244611508327,1.451802898539587,1.3032802398892243,0.0,0.5331086694490259,1.1344105788713663,0.3399232110010354,0.0,1.2769464260743948,0.10318692296835727
36,2.1428596310064405,0.03415623328562659,1.2843980884500186,1.145808957352709,1.4554548488737542,0.6840297807443204,0.7498918732595287,0.47280289963947636,2.35161116034312,0.3778238981926763,0.5142203046296175,2.5026026073249055,0.0,1.7415513432303458,1.5137463398977722,0.9159320487399786,0.014313434230545178,0.17444393692078827,0.7602897674797098,1.3210664759524955
37,1.3880114532365033,1.702972209746416,2.034453240338264,0.5134304331727815,0.7455785429498916,1.2667357898616851,0.029797658633748995,0.7344691329773654,0.6514562928382455,0.0,0.25633000246026116,0.0,0.6830274579326185,0.0,0.24769830356385328,0.41263368319085814,0.12341691700480549,0.0,0.7280063543914357,0.5222828052070232
38,1.80651780543446,1.6808399772511429,1.5180857826718208,1.077998510051084,1.011450868747204,0.9736950350238374,1.01014950595345,0.5749799611569982,0.5296278074695039,1.5955717064255588,0.22753985997738427,0.854733335656975,0.0,1.0798989516619595,0.633356165418847,0.0,0.572175407865826,1.7920527540829587,0.37285349701916126,0.20954889322676265
39,1.071675279918722,0.10273914488520614,1.478273437893649,1.9818666205374682,1.355802608639383,0.9745992074942841,0.8891151300611154,0.7130605506131092,0.46159550357994067,0.09809116613663149,0.677017430411517,3.168876233711236,0.0,0.9312643998373323,0.3397126588178193,0.0,0.44094371473313626,0.0,0.46077577412935017,1.3592530737324775
40,2.0579533842589712,2.3614265898791684,0.9512070499595898,1.5783095305357202,1.101806503992429,0.3435865899497336,1.0000460092048185,0.7044049606443306,1.0460284623375768,0.4678467021207258,0.2888798656647625,0.0,0.0,0.0,0.93931964712622,0.6158552687733664,0.6683562074091037,0.0,0.08442962840121891,0.03182843688701143
41,2.4664109229447297,0.36072458076854197,1.3742529065264186,1.9982051599828086,1.4050570257099328,1.5670576695728615,0.9741709118710691,0.6327622722545159,0.9800994289434402,0.4619224873347848,0.4737864465646311,0.8214759902908806,0.0,0.0,0.8763322243004421,0.0,0.3943884417895555,0.15034180821580742,0.5332200766392702,0.33171691814269394
42,1.8267538896795776,0.42252996047423774,1.1621149859632467,1.2587823780597147,1.0709686862216978,1.1185591167774542,0.7424675877955019,0.7680211838804828,0.6997871205681112,0.0,0.4825282863074611,0.6420298645753577,0.7130079175042537,0.0,0.3169214958138481,0.6158353130794888,0.5833235265304173,0.0,0.4884730065684229,0.4939439273351155
43,2.9555472758188746,0.9563170061672205,1.7083967231531219,1.554404281064933,1.2877092438224265,1.3713722606459342,0.6359598844381842,1.0103800670509842,0.529683830188355,0.0,1.2088531683147983,0.5226790267708747,1.08552520694444,0.5050976277611454,1.2562463970028284,0.3039293255976179,0.45106083999212726,0.31323611708683397,0.3663354531539232,0.7486172675621948
44,1.0807769059953543,3.0578268193998017,2.157111659332733,1.079330970463926,0.7824344667418089,0.7949724848355788,0.9322126794293248,0.4989355263973263,0.22771975870302294,0.7038263897727796,0.8403950299872737,0.0,0.29926479417789026,0.8740085524443119,0.10796058572289671,0.0,0.30835115972407134,0.2803526717525602,0.30989387260054435,0.33469378570003033
45,1.9348672998213525,1.644859115864695,1.8960162354597256,1.4154213930388628,1.213989866761534,0.6102046998600396,0.3917988450923637,0.9283487750364225,0.9720621827928492,0.8905833658921866,1.2056502330644228,0.012787726904390019,0.13479481898634155,0.0,0.03391063147059422,0.2989949764909108,0.3349131913753927,0.07287873984779641,0.292686119521948,0.08655774311749267
46,2.8008599528731835,1.9415277915293647,0.9058126804962771,0.6588195108044652,1.5626121991128836,0.8065925812589156,0.9545004802071254,0.846713645430267,0.9605878149700808,0.04196852862773015,0.5774763466447586,0.04049130295573058,0.0,0.0,0.7800323560936407,1.0303987692110146,1.0642915533664465,0.620222566822779,0.48872778415375256,0.0
47,1.4146289801957663,2.085563760184358,1.653978602180357,2.3417642034949346,1.053244045898652,0.70614805004441,0.4862905671965026,0.357245673005915,0.2800064425805876,0.8640633519114448,0.4972126939852959,0.24433079347391912,0.40060419702096506,0.002307869555944453,0.3282465037455859,0.0,0.5580963749797189,0.17395957043662832,0.3545982081645537,0.34150058142045836
48,1.4499460728389941,1.3681201158796439,1.4293690346474806,1.8581149451951406,0.8152521562000812,0.8271894365942314,1.3731836041631988,1.1715264196024995,0.6282279063431534,1.2713334928320463,0.33196205402106727,1.528517301057613,0.0,0.6736295874126763,0.5563545712059317,0.0,0.19926105979895387,0.41658986860197106,0.47990607943208397,0.926215965853929
49,1.1421782603661106,1.7281478396029846,1.6334646101060204,0.0,1.1024188996638575,0.8380734577497332,0.6623407535743259,0.5254516420503799,0.26449107725906756,0.5542421893739586,0.8205188842775857,0.5571763381023583,0.0,1.393043359303288,0.0,0.0,0.4198125381558356,0.0,0.05881167617038041,0.6462662433070588
50,0.8073072857802941,2.2494565173599086,1.6120443523182477,1.3215068660453466,1.26338280613588,0.8651292910856451,0.8831509443497992,0.37394847345149657,0.5530075653081119,0.8995185534657824,0.6924989842954611,0.0,0.10650536260041488,1.3032335667898336,0.32111416439488794,0.4274032166800347,0.6039605900474819,0.8373837349133096,0.33085624999225033,0.5026497666721526
51,1.648355662105755,0.9441945415172162,1.4567550297333438,1.3328074142423092,1.615398898914706,0.7746629946167275,0.9292313853953472,0.917561170802129,1.1221350387639089,0.5149796249849605,1.2180702146775668,0.4345861376220466,0.7488786623366096,0.0,0.1814025100668334,1.6227137056093313,1.183748169979601,0.48216262510138136,0.3869883336200631,0.32734505683074383
52,1.3902152397437395,1.0052882132736192,1.3269944875496038,1.0211893558050857,0.938843046670646,1.3846485554025538,0.8590147107239979,0.8147865033433902,0.0,1.052165263891425,0.6684338750013119,0.8559480841398789,0.9534557849151185,0.5079171595021328,0.13633149783234788,0.0,0.969703070500309,0.9070065389556327,0.4398670513425778,0.4051637952487474
53,2.2579537542911177,1.5352828381254502,1.7049312635213068,1.1347888512567879,1.263632431523142,0.9039701681269503,0.43190776127182545,1.1098484440550207,0.6131664116548985,0.13937308660084793,0.5623472799232293,0.3263517625081943,0.7868720392326459,0.6764953897408795,0.4527772161754928,0.6850657553972547,0.4469323334660175,0.0,0.6650491544495593,0.2782672527213976
54,1.9206157112679962,2.4720459494560676,1.4066989767568472,3.093790865939051,1.379828746871296,1.1677825036143406,0.9194564915655535,0.49765916702109714,1.2846338158271526,0.23127236426865785,1.091576873449173,0.0,0.0,0.14938643586506087,0.20953805541406734,1.2067792871707677,0.5901470534083053,0.0,0.3569650088022146,0.0
55,1.8607827561318593,1.2975854393188582,1.1059312441486664,0.14878716307216885,1.2912966980009106,1.0941967432524584,0.8112072264366236,0.5094057528180506,1.1036314746265612,0.0,0.4043424556917174,0.0,0.35144124845597347,0.5172004240599151,0.3105642113613262,1.1168635553169866,0.5916538984570502,0.0,0.8415794628416406,0.46393556347976345
56,2.1636208186048855,0.8198352454528031,1.8215317593145308,0.043155584617395215,1.0823009508241885,1.5453186826508285,1.2046621546957588,1.1492054072355884,0.32730141622376446,1.344947416367325,0.469292950409115,1.840600290426439,0.7284273962975463,2.5690699657149314,1.0639974029412183,0.0,0.667667956885649,0.8358627383948013,0.0,0.8782100101597446
57,0.6767317143078636,1.482393042120244,1.5650882710325864,0.9420750063986112,0.9013841852778951,1.6735525698324536,0.5936737481501704,1.2803563542473975,0.7738341662955911,0.19902835648927963,0.36075344104595647,0.0,0.06258596255725278,0.0,0.326413388424615,0.993675661281708,0.6510407045182797,0.74095377347546,0.7584778982223997,0.5527106909415005
58,2.8704237278419713,2.5030868442842826,0.7832598438548819,1.2305436649158774,1.0268654461890383,0.5328304093295505,1.5287480812208936,0.7537165365784885,1.056840435600983,0.2665694298971728,0.4267776624794938,0.05280785788552842,0.0,0.007859723210948289,0.9713026631054126,1.2218470920419306,0.7711712520535582,0.0,0.0,0.2157591627075055
59,2.9756268899917617,1.3326941028807033,1.7455763553505033,1.0745681487723375,1.0054722406570584,0.8415316000011309,1.247414484770849,1.0190918644856357,1.5924540140632515,1.1560787982129281,0.7247804885149374,0.13551703730372067,0.24202968395380264,0.0,0.0,1.196248684321123,1.150880896102676,0.6074977765406125,0.22638869973671974,0.017351750724802554
60,2.2824351742972135,1.6842320253692746,1.249042900440153,1.4330297696126353,0.26662756422869893,0.42541225212622485,0.5902369525819414,0.30151910236514673,0.9315753836316518,0.0,0.25291013879181945,0.1889605908806987,0.6571931068498441,0.0,0.0,0.2824699930795502,0.6609157815316228,0.21206570907790798,0.790732470497201,0.14556498566132678
61,1.4092798471507941,1.9538450606049136,1.7960694702159192,0.5665669868890357,0.5252347756230409,0.5628138323042935,0.7929984046213687,0.6783256477051322,0.3590457544115558,0.9078917913651089,1.0117219696017605,0.0,0.7106849735441592,1.2873166326744439,0.0,0.0,0.2979637905022006,1.4800347692433233,0.36258143290667355,0.10071476391638169
62,1.5402286478084901,0.0,0.8410133618116703,0.6999607943071079,1.0946946791251584,0.8379155777938981,0.9135826047142145,0.8726459252029636,0.48493652596321346,0.0,0.47232283557604526,1.5285802806414508,2.1731211598324736,0.713804925089797,0.5137112001951942,1.5120233105318355,0.5291462178755046,0.0,0.350841222791591,0.03636913039423295
63,1.8744811171174203,1.873916499534331,1.159641166170476,1.0277664461042562,0.7092325786894176,0.7641307075921453,0.6709184466957251,0.5490819665997697,0.5016348406202992,0.9394367089573177,0.8680381987003023,0.0,0.5996725091533727,0.24592531606186888,0.39411161245949766,0.7010725027089255,0.20874524001704106,0.9531563104491293,0.505932037770305,0.3103184681664474
64,0.5337287137943701,0.08826680618117128,1.658868517009434,1.8260725309023413,0.6584400109511576,0.5730342871882173,0.9631233545347979,0.7468209610118399,1.0433999602386594,1.230086404177097,0.7276339475143804,1.6231592279571518,0.8753928258773995,0.0,0.5069454933060464,0.0,0.1483308878992932,0.8190396258051443,0.6579141702863837,1.0786993761516028
65,1.0566321265820027,0.0,3.134278930870479,0.8047041086245341,1.4292069106301057,1.1566604188520833,0.6752962863658273,0.8345343447292848,0.30720164683213047,1.622202091660651,0.4749427351643921,0.8372524695390572,0.5725584063915155,0.0,0.2883438624556873,0.0,1.0348605343288222,1.776647506833267,0.24457609897826635,0.49459059316365206
66,2.667416270061628,1.7575576322507032,0.6635755963097892,0.6500766995045166,0.49229548405178986,1.8360840316419769,0.6255215414024838,0.66735559872871,1.2728299084562247,0.7086848754409769,0.11860261169377716,0.0,0.48927345863322375,0.0,0.20246317992976884,0.04110924526299315,0.05135225644919926,0.0,0.1382411345509188,0.5451479490044592
67,1.417521484282227,2.0920686153663657,1.7652600300277796,0.8933513267239995,1.1535145428122326,0.8807147270689079,1.3100447302883127,0.7697926178425113,0.3446822399342441,1.1643217543535191,1.2512876147785237,0.3094293482703139,0.10779430043440495,0.9031153590359562,0.0,0.0,0.5034972364179101,0.0,0.6421055226562352,0.10628304626225632
68,1.6204278769405225,1.667317175980041,1.6005867402003007,1.0361488732984718,1.1726002521961276,0.7537195165930733,1.1956122362590453,0.8650942113736803,1.0540557524984189,1.3631861605463402,0.30338723882688856,0.0,0.0,0.0,0.4634653821089997,0.1412637777033584,0.0,1.6584022602260764,0.5590606889559139,0.977629155057565
69,2.55344652173433,2.372078550673945,1.9139230742047877,1.4903247683189071,1.0111958715617957,1.0095446213509485,1.7019035540360277,0.9146785228441019,0.4839783590610474,1.2942473296121662,0.937285294655464,0.0,0.0,0.0,0.49797427204267886,0.0,0.0,1.2023194752037403,0.48559946728892817,0.1946721461610957
70,2.3480329134923332,2.2312952074734453,1.6036883143808744,1.6193872647591971,0.9307981635306428,0.5931379102971269,0.7289856576042623,1.0486383294877648,0.49122648182752626,1.2937526624234281,0.06867021022736278,0.47852534276651376,0.9047466022258941,0.8924465461761135,0.21393440420305646,0.3290267509527028,0.0,0.6404708461333238,0.821414573713761,0.12407885004882872
71,0.8329810409235744,0.8291198730482506,2.0050687833962626,1.0510153577822219,1.3704990967985204,1.4732690921576748,0.7692916482023651,0.7435341465497239,0.7781678905402492,1.1193161688775908,0.2653728399002542,0.0,0.03529633445172416,0.0,0.31526211514698,0.4557796430567098,1.2781470817520788,1.123590618728809,0.09884908321773513,0.6371641329174478
72,2.193204090139454,2.2054479116961567,1.3419235639918077,2.2464201081090094,1.2782101301343525,0.6291014692318637,0.6563589505450448,0.6232695648724581,0.8858250732070871,0.7505759318307506,1.074439267073377,0.0,0.7549835081676438,0.4974374255410602,0.45429716442579976,0.4199640320153517,0.0,0.0,0.3973401167927886,0.131744482615079
73,3.19404525461922,2.5735663227326526,1.5034281778379257,1.3185458057297632,0.6343183868479366,0.9875360027304455,0.9462563431496754,0.9066892827104439,0.3825677340799864,0.9142942890838183,0.19058279026968358,0.15795494554677628,0.6236785969849235,0.0,0.39135431067627485,0.10275725011317056,0.09929293100980242,1.0697453963751613,0.5578242242629255,0.49925928017935217
74,1.538613224458423,0.4671310801274401,1.0462898465041683,1.803387011058774,0.7940000928323769,0.8085253588196359,1.0609450000208993,0.7879223593498307,0.5758217762638521,1.1293095792192862,0.7244701849404345,1.9330169544502027,0.46200939827438237,0.0,0.36158031177426647,0.0,0.6603946063614867,0.30547010992219475,0.30966802226744317,0.5809784278263994
75,1.48912450217315,1.1961819069134139,1.5541794310535215,1.2554348898276995,0.6453847963864273,1.0389308070670908,1.0948781322872698,1.2235911489284992,0.274772744547933,1.4748087141527373,0.9693823229088847,0.48252193562924056,1.4696092015773046,0.0,0.0,1.0268730993280246,0.8041785325354363,1.1235833113102662,0.24298446655626152,0.0
76,1.6464041494090351,2.2946769801586844,2.243501604613668,0.8976711180359419,1.0293525741729275,1.11202500236097,0.5506414346856349,0.917678188133518,0.0,0.0,0.3095813435725024,0.0,1.4395047593273544,0.6830118367634993,0.44544294686912367,0.018221818716630842,0.2993685511405205,0.0046106047038538015,1.1830354571335813,0.4965471955386865
77,3.351093099222277,1.9280812666676481,1.0451592577144657,2.3355914006562406,1.3341595796435184,0.6375585115406174,2.3110796455725566,1.1276817149776277,1.6423136894880843,0.15853416531811326,0.7156017603193711,0.0,0.0,0.0,1.117630942561118,0.10898157029653395,1.1644033440465784,0.0,0.0,0.20960479543504612
78,1.356339773188673,0.48784025237203515,1.5710363399090368,0.351250339831627,1.033359047852339,1.469717209212066,0.6790829484726356,1.2286630668499656,1.300550717485602,0.7145583561458511,0.41746773412782395,0.0,0.0,0.15110929104175802,0.4819330199395744,0.8383678755437745,0.5628931577600308,0.0,0.5311354779331335,0.5103113513313652
79,1.9113616101894446,2.362475505494539,1.121165114620215,1.1137708993347526,0.9958495221797699,0.43419304946977777,1.1049840532442516,1.0309216417414213,0.5182388300944304,0.15552135778067216,0.6712747876879991,0.0,0.0,0.0,0.48476765283670836,0.29313969142138335,0.33508186595206707,0.0,0.08475798384443677,0.07763541630841991
80,1.423586007181903,1.7086912070735683,0.8716166464727485,1.3011034652786941,2.2575766512565116,2.2197698358551294,0.7575521586827564,0.7993593037397978,0.2313179648121587,0.016996277089436317,1.3822542640466202,0.9953706719501377,0.3157222266345131,1.4647730269898769,0.9673997039515554,0.09646171088841854,0.10966580055775857,0.35873825132703535,0.37565385786303207,0.5211230257600973
81,3.6801517488249926,1.4771312983249354,0.7874973507110227,1.3814208888543449,1.6111821717318022,0.8817417675546245,0.8423138208915402,0.6327180880734081,1.0865551812061152,0.7024440026195556,0.7292091723470738,0.0,0.5346827219847362,0.0,0.4414716340831592,0.6586297202518125,0.10192042013191091,0.5361280900827108,0.370338652612001,0.1144626767054436
82,1.945650483290769,3.0220389198362896,1.0399768117909716,0.6928788260581396,0.8041588327977822,1.2688751280184714,0.8046087954965027,0.5927538297977036,1.8441996317187568,0.8687420579418538,0.20023425257745864,0.14886421900675864,0.0,1.13410769277558,0.08524988017445703,0.9363320397272933,0.35840353290334603,0.0,0.34149358071496766,0.7459544494225178
83,1.958634588007303,2.2515844432559105,1.555099878367829,1.3844220231906388,0.8734732789104931,0.8849999164378828,0.39344334009903126,0.6648096212930857,0.5540148314303763,0.0,0.4097344222490534,0.39880365166974535,0.0,0.0,0.018347467150005507,0.5994537306688174,0.14868749360553787,0.0,1.5106854514694426,0.16883288465469273
84,2.5979576869934697,1.3256286713541168,0.9386179195894578,0.3597977281284358,0.613554567200678,0.5981243538512107,1.5116368021857407,1.2305260100740059,0.7060062212702581,0.08381694989483987,1.2938324022034715,0.46508229334493195,1.127381135160797,0.016543570651489103,0.18842918002128875,0.7660676726556613,0.8437706505753667,0.0,0.006729351812071507,0.04120842228393409
85,1.1813587784348614,0.3824910226371491,1.2421922904036373,2.534984159125358,1.6981217695712023,1.4241491547991345,0.7626969163089112,0.7434441867640079,0.20241154050540888,0.4052963323506041,1.1775895805901082,0.958297396049327,0.0,0.0,0.9855910190805311,0.0,0.7142829770892981,0.677730065926976,0.3040113138717469,0.5358556975984923
86,2.703178453271083,1.2531502513436046,1.182157868507604,0.345297830186547,1.2745165125527194,1.2485275406874792,0.5814608739583684,0.6147769315635133,1.043212400098785,0.11602594963864826,0.6817663972932382,0.49166749190822223,0.1073715249383407,0.0,0.3146094960109486,0.663450793490588,0.48743240567400553,0.0,0.8733580754253213,0.7265237979829915
87,3.123619182514541,1.1554939002766587,0.9549848637315884,1.093935189541127,1.2652528364576663,1.2368310989373128,1.4967592047017757,0.7557723421818451,0.6273077708607823,0.02078075147410407,0.8098690998781911,0.9813575658233056,0.6513543453694529,0.0,0.8846050337200821,0.33216212349483537,0.504493925090106,0.0,0.13120234268763722,0.5118994512890975
88,1.4537875614200437,1.7401661214178563,1.7342545147177477,1.3705210353628574,1.4660894026911764,0.7409578233850865,0.7807681099743408,0.7736311405600457,0.8679726703043278,0.6008359965115051,0.85430372580511,0.5995656527017649,0.2973668364325912,0.917269672694243,1.1987089599165857,1.1038229499937047,0.031527624861144,0.0,0.3681485857694697,0.2847876553737792
89,2.2289168923183764,0.0,1.6617290326274239,1.2727469719789677,0.9049440895793386,0.9725233803151647,0.5950015275500192,0.7343557782378904,0.14644243733001536,0.8599382278095201,0.27631802623954393,0.5557925248260623,1.6873406658456398,0.0,0.5616593285420135,0.08103311885069808,0.6270180441684325,0.7870446518442277,0.0,0.722854211178839
90,1.9268137222668622,1.2130390739244734,1.6593622609899314,1.8167618779850003,1.6187078682140619,0.6250001868846428,1.0721458968654176,0.7254105570198474,0.9030399612778581,0.879408881054609,0.479482278557778,1.3156057551619198,0.0,0.6613738005065949,0.881519274981168,0.04405520217335726,0.33843913672602394,0.5536034228387501,0.8222911656863173,0.6068783324535887
91,2.13842539594237,2.010683004806286,1.3158370755922084,0.21402400883922937,1.4523794264591712,0.5500022219017277,1.5587793422755307,1.0134944481526766,0.9621096821748968,0.41024494582664417,0.6732084955038891,0.04846855021459699,0.6293193189318568,0.0,0.5298999582078986,1.1176460281258183,0.4825496950722397,0.0,0.09127020018341232,0.012515321327189613
92,1.2232259153931153,1.3286207455506123,1.5121531946543352,1.068267616753549,1.0813266114506108,1.2251468864355666,1.3177990627775824,0.6618358321076866,1.1527987681733927,1.2638651477592058,0.2965751453152103,0.0,0.0,0.0,0.41843652574687823,0.0,0.2249190006715739,1.0939564626207245,0.3222485986544468,1.0873616064110394
93,1.2641892605022287,0.7051262553098369,1.3378972149575648,1.4288240054016148,1.0193586049084893,0.49055495324970705,0.9881170020880908,0.625198847693632,0.7740112743101519,0.4856497501029585,0.6756195914373176,1.2564524982757852,0.0,0.6251549359259635,0.6304603863639157,0.3038038234062691,0.08615135844106804,0.0,0.6031217855780266,0.6374561141177134
94,2.1878035025894125,1.7198608351004585,1.0583844663136843,1.4937360403455502,1.8088976281751377,1.3762903782303453,0.7620449918426232,0.8625586374780911,0.24588866429692033,0.5199780164445249,0.6934405427005552,0.39930557811504575,1.3687928473364643,1.122978269378884,1.1141291537900144,0.0,0.09579171804594708,0.6062014404735713,0.5372381722697157,0.3915427709538563
95,2.36717646834954,2.041091047552594,0.9085892270547492,0.7759390819487224,1.1625592612504903,0.8559193303711614,1.9364827748256286,1.2464223989047032,0.6782709469198692,0.43596083178943823,0.504860567414201,0.0,0.0,0.7784386914034881,0.6327832927783991,0.5944012734908463,0.6205274167024211,0.0,0.03203340997894881,0.3420229525044319
96,3.0494259120322433,2.29279457267424,1.1006307091582734,0.27738901712875136,1.7223419834685565,0.4923400129534192,1.4059061240924993,1.4346922511462128,1.4391424251124048,0.0,0.4536825919494135,0.29653089211438005,0.5389661699237802,0.0,0.6867033154463792,1.792570936262543,0.6872728298799533,0.40825972831500107,0.3499264162447554,0.11350398878511217
97,1.9647613898028773,1.2308681700480155,2.087690282232427,0.0,1.431431576951503,1.1921340051522942,1.0665668002571644,0.7733984392789268,1.002747692618165,0.9804944032769456,0.361486336377704,0.0,0.7933002142007091,2.039651046221233,0.8876422841149946,0.6891084557255961,0.632262300375902,1.5295043366166332,0.03274582091046122,0.3028970089194719
98,3.9439199699644343,0.9732575109210517,1.3229097372588885,1.0959364923365753,1.1136209129161425,0.9788204393898094,0.8992496913430733,0.7025290955771051,0.8994894462405109,0.6292414601099063,0.4016271478868256,0.5577422693980173,0.977016280740509,0.0,1.1221424866363159,0.7243794538317475,0.0,1.682917609384831,0.3513354551479947,0.6758279049305261
99,1.7942944839409196,2.2383634451538996,1.7609754789586345,1.6879364159237835,1.6932448351257912,1.4257334708736746,0.3846344817519715,0.8589259718972094,0.795924648539653,1.1998916651219664,0.9278801817613794,0.0,0.2875337470095427,0.0,0.0,0.39393542808785703,0.0,0.332507549541278,0.8407983219875562,0.28709531552995654
