,model_DEATH,model_PHYSICAL_SENSATIONS,model_BODY,degree_average,difluencies_score,L2,L3,feel_positive,liwc_Ã©mopos,average_shrotest_path_g0,ON_someone,textblob_polarity,score_parenthetique_matches,average_clustering,passive_count_norm,PE,verb_participe_passe,score_onomatopes_matches,labMT,direct_discourse_score
0,0.020672198066487905,0.018232194679789246,0.01312403634050861,0.019804902876416834,0.00599759878963232,0.012857937210549909,0.01335380625165999,0.011373015504330394,0.010319800423302997,0.006839081353973596,0.004825986710377038,0.0,0.0022965733793098484,0.0026894222693517812,0.004036876764148473,0.0,0.005362054356684288,0.0,0.007374368534733852,0.005783117709060509
1,0.014626868409415083,0.004266564267377059,0.02549949239691098,0.0,0.011493404768407345,0.018735936480884743,0.0028361404677852984,0.02106270624541988,0.008969739189992347,0.010778692754295965,0.009432101550512014,0.004659441292285921,0.006823523408422867,0.005817422922700644,0.016227390291169284,0.00896327955896656,0.0026822651388744515,0.013421294930080574,0.004764873720705509,0.0
2,0.035290572052200646,0.021351493233814835,0.00988338778167963,0.005476547776410976,0.00906255230959505,0.0024628155250102286,0.005868601755859951,0.006813576060036816,0.003607381355638306,0.003053759184355537,0.012160140522755679,0.008252729583376398,0.011162668501026929,0.011340526601610085,0.006308634220001599,0.006144392346652846,0.005214740384680529,0.0,0.0,0.00371092817466706
3,0.03219823417471102,0.019760455463547263,0.030891418888544055,0.013379640885939206,0.00728741518656413,0.0021460551029692096,0.007046745948183037,0.006742858568827312,0.0053680139511513205,0.0,0.02177060005239522,0.0,0.012138606959333028,0.006026139096046488,0.004055450782179833,0.009103374953071279,0.004153663078943887,0.0,0.00569130361514787,0.005202776743099094
4,0.014168439696542922,0.01857895186822862,0.012320666678560277,0.007535326470931369,0.02971128823918601,0.0049013351681642245,0.0034061368699185566,0.018738286225435632,0.005543570353959999,0.009234391791125137,0.008014459806804857,0.00777590099256486,0.004660276801170161,0.0,0.006000996444529543,0.0,0.0031947564954559007,0.006096413463354113,0.004571494684865077,0.0035819248203188187
5,0.013470052773598582,0.006724441658705473,0.011461461149466536,0.02250645695254206,0.01767048650700599,0.008039985501362631,0.014058275196390852,0.0134641586424162,0.010605348211402698,0.00658883433137089,0.0,0.005558631792664529,0.0,0.0,0.008974380354397,0.006240471699275075,0.0,0.014985599753757321,0.0021051714392378933,0.002720247394094865
6,0.019300351582157114,0.020989410305395716,0.015751823973531524,0.007940706368535756,0.004620375317210952,0.01358996654798587,0.0,0.009725050771608953,0.0034185172710567715,0.012828450480786463,0.011235396429585915,0.0,0.0,0.003293635067995636,0.0,0.004869385215764243,0.007445912286639212,0.004489056585977474,0.008672985636939603,0.00392818401195109
7,0.0344336957577616,0.014641047626733779,0.013701220894853271,0.002637583531439305,0.018154811110347516,0.0,0.008075054351861281,0.01555701793947567,0.010374000078688063,0.004363090026192369,0.02295512950451423,0.0059956260956823835,0.0,0.01158864342529948,0.0,0.016450760249048468,0.007063801508396865,0.010607196208400031,0.0,0.004458320447554192
8,0.02467057631801193,0.03798601296388855,0.01924403612253566,0.008126883028075096,0.0,0.005358437978041668,0.01270264146321764,0.017360310670919712,0.008895055402070284,0.0025524261572087803,0.007542765826142082,0.00442456116527319,0.0033479613903909912,0.005565972799435258,0.006440433791372925,0.020102859812478228,0.003872955638915301,0.008397306848006943,0.006455957087688151,0.006943153297994286
9,0.014328536894172432,0.021905870425204435,0.0036586128969987235,0.01605430180579424,0.018875164828263225,0.0,0.0,0.011719850980055829,0.022312635532269875,0.0076395386327058066,0.0,0.0,0.006689565535634756,0.004704045852025346,0.007381579466164114,0.024498768791401136,0.0,0.006247027795761822,0.003170263724401592,0.008588941811583936
10,0.026082992567680773,0.015612321102991707,0.014824132573635629,0.010885449442081151,0.0033418851345777506,0.02069104704648877,0.012017080542010563,0.011715736374258993,0.0,0.0036418504891917126,0.008731064456204573,0.003610953574534506,0.01759421648830175,0.004838303628067176,0.005144896847816805,0.0,0.0,0.0,0.004401089508086443,0.009812801123907172
11,0.02958589703558634,0.012376475260282556,0.006362090686025717,0.010690476391464473,0.004316034962733587,0.01667195085498194,0.014161514844590174,0.004931243018557627,0.003170733270856242,0.011225016709727548,0.003689812617376445,0.008743717725078265,0.0032795306496943037,0.00773660436924547,0.0038218415031830476,0.0,0.006795826102606951,0.011277384182903914,0.004506803465696673,0.0101927543245256
12,0.030960481154421966,0.010048527869706354,0.02210390175599605,0.0,0.01246253478216628,0.006291568982414902,0.008916378542625654,0.003995792167261242,0.015915360564676427,0.0,0.005981382108603913,0.006051524676382541,0.0,0.0,0.002682980086654425,0.0,0.0077074036082873726,0.002010748271519939,0.0052797534838318816,0.01020775588105122
13,0.048818704334398104,0.03280059750222912,0.02554520354031896,0.007863503032984833,0.012022338692098853,0.005914821334183217,0.006617318146241208,0.0028451136723160755,0.005426157114406427,0.0,0.003283105982467533,0.0024464886188507087,0.0,0.0048620510809123515,0.0,0.006413728397339584,0.0,0.00978504359225432,0.0,0.008365402897198995
14,0.012756453946543237,0.008874633627322813,0.010441962592303754,0.0,0.02717502078941713,0.014092466590615612,0.016282652776998776,0.0,0.01582298957028737,0.006908797894914945,0.01712569991669928,0.007161487359553576,0.011438574410043655,0.006895039014518263,0.0041602262357870725,0.009552350432301564,0.005169146546162666,0.012838410159262521,0.00314870941763123,0.004996030540205539
15,0.05406459483985479,0.012880088295787573,0.03354738857255627,0.004725972606490056,0.008253356446201602,0.006277188343927265,0.019502868680904308,0.011965085145086051,0.014011595621705054,0.010590767530103523,0.0,0.003120851593712967,0.0,0.0,0.004938610643148422,0.0,0.005573081414525709,0.0,0.01511681991939743,0.007483019354442756
16,0.018504536100197585,0.047177364243815335,0.026015972106717525,0.010396768142469228,0.013219853567580382,0.0065255615971982475,0.013922346671887983,0.008405418235808612,0.00584130638341109,0.0,0.0,0.004518479583474497,0.014248444407557456,0.0017678714493910472,0.0,0.008940455465267104,0.004769343051748972,0.00401368835195899,0.0,0.0
17,0.03670355135357628,0.011019858716366189,0.005162499030431112,0.018187259340658787,0.01424713947251439,0.0031019246168434616,0.0051858430667780335,0.01993539554377398,0.017147222870650396,0.002260153238972028,0.0,0.0038606151525552067,0.002870909681388486,0.0048295756466686735,0.004756101309632264,0.00765459271054715,0.006737970859122771,0.0,0.0,0.015503672945002718
18,0.026799825641016167,0.01135005037486553,0.01044266353935624,0.01482177278275291,0.015659131074634697,0.030587723222716405,0.002258739224635065,0.010366244891658428,0.026943954557180412,0.0062960552413327,0.0,0.007726270051052172,0.0,0.01204687805039187,0.0,0.0,0.011906946408251925,0.0,0.005208898684009908,0.008547827004144587
19,0.007478238023817542,0.015595471653155982,0.006167778719682245,0.01999317667850603,0.02955456229485571,0.006850516342713184,0.008514594154121974,0.019297784272270902,0.0,0.01944243341622253,0.009288462240248917,0.010407276037459572,0.006493624902951221,0.0,0.006228973957244308,0.0,0.0,0.0,0.003927810691297056,0.0
20,0.03198029089067131,0.007087875119100016,0.014709929099927348,0.02010668294255932,0.0,0.012493919022381303,0.013868711217927437,0.008664760986963909,0.011943385630846024,0.006676364577375349,0.007477307629461089,0.01064129777873556,0.015486667569881925,0.0,0.004146359490851561,0.008131538932522142,0.007296038980906211,0.003225036817292372,0.0,0.0
21,0.030149473944678908,0.019059039626270535,0.014661723062396046,0.010022518415159236,0.005340257157261173,0.009995548555317027,0.005395347448686759,0.0058341954592615345,0.004306880818679929,0.009138712918696305,0.010122750145072738,0.0097821079812323,0.004116689595704278,0.006069289499893785,0.002040693253744393,0.0023536815686772267,0.010978259365384779,0.004395508574942749,0.007307287399967511,0.011046886383555828
22,0.011730795523151755,0.007765293374036752,0.006762013074010613,0.017117815209086982,0.039812754274035494,0.01008086209495862,0.014312633573698502,0.0,0.01379186577256769,0.006323463149058322,0.015191400813404473,0.00348358280584216,0.0,0.004272206370097896,0.0043664708918270964,0.0,0.012692723102867603,0.0,0.006311652166768908,0.008143107478506864
23,0.004114064945528905,0.011964994110787905,0.00882091750204563,0.01883948335641374,0.010937849994127953,0.00410949738137424,0.016558846649248157,0.010013749477453527,0.01854144650821884,0.014925279525729517,0.003952579831704497,0.004942402169108391,0.02050187013624236,0.007647356136236338,0.008371524757084746,0.012835285494414473,0.005089471606537702,0.0,0.003919682001074155,0.0018853774565892915
24,0.016613958709562816,0.031186706449060384,0.008677424271280569,0.0,0.02328299712700149,0.005065890024105708,0.010887036361731587,0.007064649279850227,0.0037116087819449597,0.00473863040811072,0.00631112415250391,0.0077223544400185345,0.011999121496919545,0.008925035261549055,0.009615902390331029,0.0023656286867335444,0.0,0.008858362375758589,0.006284530640269321,0.004496316891163588
25,0.046833426303695885,0.0030654994746049254,0.0037432972869525364,0.015390819582777718,0.0179184187244003,0.013434460859745744,0.026999976936106885,0.007515266976629694,0.022526301293323437,0.0,0.009930079779898128,0.012800976317375898,0.00442838865146041,0.006298249058735865,0.005099035978317261,0.006282327489927412,0.009597867405973376,0.009020350637690473,0.0,0.005998263610526919
26,0.020275548833111924,0.016789795190251127,0.034203171060420576,0.02535119466359418,0.0,0.0091801144387573,0.017497609016795965,0.010098479817310971,0.011125535894495745,0.010202458915455886,0.004168834821786731,0.0,0.003800729920621963,0.01085255536312858,0.008279334374237808,0.010209884346773224,0.0036742438718986997,0.0043788583433876415,0.008055185561378799,0.007392944756584864
27,0.01891082710555445,0.004820793946584065,0.004692897394920389,0.0012648067662181948,0.006314745692536233,0.024788664808962486,0.013099930477173378,0.004887059926986692,0.004328515102776387,0.011427120328104745,0.0032822889902939406,0.0,0.007577620102092623,0.005920760372498385,0.0,0.0,0.0045973537974059574,0.008843575177714228,0.0032558805261893808,0.008189443593844768
28,0.021470745194858556,0.008807374204664178,0.011727633795390525,0.02712711043516174,0.005338402551909289,0.02368537536108245,0.008433242759356894,0.005181902729595702,0.005700900957609215,0.004576454423678418,0.0067507666408394805,0.0,0.0034019739571958785,0.00567817875929177,0.003997482355684042,0.0,0.0,0.006616932066467901,0.00307091043703258,0.0
29,0.024879995210717116,0.017441844731414073,0.003345438916236162,0.003919965073776743,0.01505721056212982,0.004871286943089217,0.015719096313541136,0.029345011330520112,0.012360908770002425,0.007215925275037685,0.0,0.005239956993609666,0.008016287166004376,0.009287723022202649,0.0,0.0045233492079811794,0.0,0.00447578350454569,0.006892475360383587,0.0052621403709053995
30,0.01753240054100752,0.0028863925213615097,0.01872687983202438,0.0,0.013063969686006502,0.008801175215281544,0.027092231593715654,0.016270517997598898,0.005028267921879889,0.005988085575401783,0.0,0.008486709571753938,0.0,0.0022802221491001547,0.00599718585424125,0.009423968151056518,0.004781243781248728,0.0025995298102498053,0.006143922437913719,0.0
31,0.027908862635338063,0.019641972005056844,0.03045750427401314,0.009097136014762025,0.00447350410434107,0.01565773094445467,0.005606110678364832,0.011309940969881914,0.0033013271374317506,0.01215857304384311,0.010196905629088482,0.003262138839811088,0.007379317320417615,0.005865737836652747,0.0,0.0,0.0,0.0025884370598942045,0.00313619152456522,0.007673157007743918
32,0.0037642714714941896,0.008361808154731988,0.0,0.0065485599786043154,0.022283582254623385,0.022725177287124098,0.025598378591239448,0.02350854282639921,0.008616049298861372,0.0030591343219081558,0.0,0.002750281710798541,0.004788533570244908,0.0,0.0040414811676989,0.0,0.005498712507387,0.013992622199313092,0.007046488160267471,0.007868514908477665
33,0.02539983275377502,0.010019976179425915,0.01673240757795671,0.023820795172204572,0.005549123358602328,0.032454151102031266,0.018363970649428667,0.018991846443774798,0.005034674372524023,0.008627188560397675,0.004222333129495381,0.0,0.00739110624650493,0.003775647054426371,0.0,0.02537898740855356,0.010728810268919914,0.0,0.005868949847916764,0.009400168906897304
34,0.03804862605035304,0.003673673007947703,0.02268817622618129,0.015663106742004558,0.009245603005091347,0.005316717531532051,0.02758530497426788,0.014112211456211912,0.007944859430504337,0.006449460079893469,0.0,0.005289646883805593,0.0023631431666823713,0.0,0.003453116607852282,0.013321566573965053,0.009054588758386672,0.0,0.0051108594344307975,0.0
35,0.04161753985161583,0.016445931479179613,0.01873758950519065,0.006470204472541809,0.011642442321404814,0.01029429817153141,0.014062587980491424,0.019965145844034853,0.00812411044817418,0.0,0.00408806037157774,0.00991711008766045,0.0034276119712740184,0.0,0.008283894820294032,0.003485499020045003,0.00579835214217504,0.0,0.013507929358010491,0.004458567892511685
36,0.05835155180655419,0.017399493332020934,0.014535829103241363,0.008806955090723932,0.01205217832264801,0.01200389731427034,0.0037996027804911136,0.005070916598662734,0.011282505724579098,0.009557060930722701,0.004494641625632841,0.0052866633157245815,0.0,0.0053072103622058995,0.0,0.00144117496907711,0.004842780990875326,0.002257534520079692,0.0,0.0017582589012260237
37,0.013853801646425077,0.018661781556283435,0.012286031168575086,0.016176361076533793,0.01057138886364798,0.00951346765272319,0.012337882944382723,0.00861782564253857,0.0038121572087208427,0.0,0.0,0.003000604826336107,0.0029716338026337325,0.0038095536623150112,0.004997252819438775,0.005475715924364825,0.03110774337655554,0.0,0.0,0.007802151143550873
38,0.008406996544760964,0.0032348649495591727,0.018869218718260524,0.02767045969640215,0.021116503482684495,0.007927434647766251,0.014399185762119791,0.01630131988661984,0.011007041558623311,0.004528754060467085,0.003952256054617464,0.002929644252484044,0.005814103269949556,0.002352498266535501,0.01184638626438876,0.002051374071277679,0.008804539180360733,0.0016135003347881136,0.023431748444680125,0.0
39,0.018713407043678066,0.027694858591072256,0.006715128585696221,0.004725489903241397,0.006005975892146427,0.014098706945776944,0.011720130781022211,0.010684444580071917,0.008622041644838947,0.0165332216663907,0.01289059948315844,0.0,0.01165489595197141,0.005719993234922488,0.00690215521926681,0.00904997061938047,0.005329699154011903,0.0027551317843608563,0.002086318007127072,0.00825232322017352
40,0.034774685619398955,0.009893016995862126,0.013715481665606303,0.013222497827994324,0.010747071580961347,0.022186043211569383,0.004908972337841988,0.005113273616259297,0.01202441385171066,0.007623919859838981,0.007494802641371885,0.01587415300309658,0.0,0.01473513528921952,0.005353472756221891,0.004770894162356854,0.007332076413556937,0.008070700496745607,0.005122803855687381,0.0
41,0.02912208639147381,0.0073328523306796945,0.006563037171959876,0.025835372306406496,0.03663121091589953,0.022108297832620645,0.0028385166451334962,0.007010766077476241,0.01696181845633934,0.00863189360871911,0.004724303424358366,0.00959691982809454,0.0,0.006250034626262884,0.009530375387519599,0.007346943218261002,0.011838678002978368,0.0,0.018145930332752563,0.004196715280413629
42,0.040913854131475094,0.010454178079962732,0.012275226190686226,0.006148033812642098,0.0028240879504010086,0.0038352276571095006,0.014146356906741856,0.00978252535375456,0.011026609090156856,0.005073327989317477,0.0,0.003528212361037733,0.0,0.005191110174482068,0.009904689659209301,0.007431696136482059,0.006433197097852825,0.009028975157688057,0.010558732191721598,0.0
43,0.019174641579389577,0.035166438711496696,0.019991570630110797,0.009749145461867254,0.0062962996801361444,0.013934507734763126,0.0,0.018282550776377318,0.0,0.004992345796898007,0.0,0.005179951433092355,0.004682627957935133,0.016704875446235144,0.01243032990458111,0.008535181034666797,0.009150271844274055,0.009033293671905994,0.0044807735234498975,0.0
44,0.0421176137443011,0.010563828550279137,0.0,0.009677135261396567,0.01001814313294987,0.004493316493928433,0.015932673361773293,0.0,0.009608501592030128,0.0,0.005042890630662441,0.00999213056638837,0.0025841196306670713,0.008307758588033416,0.009274545123334971,0.007406576108187439,0.0,0.002786263258506854,0.0041465951434026165,0.005434514322162917
45,0.022093455456507698,0.004361828226596118,0.0051454898212105055,0.010979410147915281,0.033855072117721034,0.01573798144034421,0.023959986967345085,0.00886025760322809,0.0,0.007507576701696962,0.0,0.006813938717668256,0.003124937700418134,0.009197711466656376,0.0030705705210566526,0.0,0.00946029579763611,0.005349906025764844,0.003457153416859607,0.0
46,0.03330874872549127,0.025573975846792274,0.010707592521173256,0.009149502099802097,0.002962321230210364,0.033061733864868686,0.0158751331049328,0.006082235782407223,0.0034425054229795943,0.005267477361485363,0.005164072982966899,0.0,0.005060476029912632,0.002069577781173089,0.007714934778554987,0.0,0.0059729735019306346,0.005016070526093246,0.003807833543668192,0.0
47,0.013948036705454187,0.021586686358787133,0.026268763996971145,0.022618489029506843,0.01809149013180286,0.016027701379731297,0.02862534374681612,0.0158511234788845,0.0,0.007414429217266541,0.002030515158548951,0.02363316576369107,0.0,0.0,0.0021801888258196414,0.004936903970316053,0.0,0.008972789524433514,0.005223514880985021,0.0
48,0.03508403653061638,0.023721613415516908,0.0,0.004653768346334497,0.01106297460695108,0.017830262569089737,0.01858572605997324,0.007222607360531884,0.018504074194468558,0.008500136457694077,0.007319498678979777,0.005730703640418746,0.005270044710487126,0.0,0.011052223278520009,0.008260868603829291,0.0030774680164953063,0.007716419267778595,0.00587400907278061,0.00568713678047061
49,0.023282020404934878,0.020226275216788055,0.009134994310016437,0.012390558866163099,0.0,0.02757702732644975,0.006979119054973126,0.008264486290204027,0.0021800767676904797,0.004509334185471136,0.00415718600153923,0.005990799050778149,0.005569505544379355,0.0,0.005391930827405304,0.0036340383191903426,0.006776038127640884,0.016873906419922903,0.0,0.0
50,0.014420404378635183,0.03181822779836756,0.010227678058824189,0.010229937405635913,0.008551020597418153,0.014386235293621819,0.008956824947769441,0.010236219603568315,0.0,0.0037534157807628324,0.006523104379264017,0.0,0.003906917721033098,0.0,0.010926465593899287,0.0034746673299620562,0.005065736480833342,0.002994802627712488,0.0,0.0
51,0.03773332785815001,0.008172033705748616,0.008302560122683643,0.0,0.0085833258839945,0.008068520064776142,0.018041865173261614,0.015012353138377262,0.005937769651412964,0.005049955103546378,0.008229312488188343,0.003669456796720624,0.002762127527967095,0.012311193755517398,0.0,0.0053454586304724225,0.003098285993561149,0.0032033360699812584,0.007126745814767975,0.0
52,0.027666052571653076,0.012489944353854903,0.01449508408565695,0.01237989096250385,0.014670351440086962,0.02689172398671508,0.008253944796199598,0.010134105760604143,0.011733675939962267,0.007031392754366,0.0014440061151981354,0.0,0.0048860525898635375,0.014002066857026265,0.006942017766336599,0.007430473871529102,0.003940764625401546,0.006941128328442573,0.005757982196907202,0.006225454621016979
53,0.024770701657204578,0.020592504447636505,0.040499555993825195,0.0029286900783578548,0.0021992086883013445,0.013377240996186934,0.0,0.010489978346663218,0.021388976023066792,0.004246120455985269,0.010465532372395198,0.0062678103925039395,0.0029259124950816225,0.0,0.0028577118556325637,0.013077013665189343,0.0,0.0,0.004077391264339288,0.0
54,0.018059263006318365,0.02378388404846191,0.015641539219456414,0.006937565254668396,0.008650051648107667,0.005913595688839755,0.004262901723384858,0.019858350820839404,0.014671146356500686,0.0,0.0025143308555707336,0.008733366152892512,0.004664641612519821,0.0027431641309522098,0.00498586370795965,0.004347841115668416,0.008761618585636217,0.004863827764367063,0.0,0.0033893567050496736
55,0.009624708751837413,0.0073923322664729025,0.018421359526769567,0.02391716418415308,0.02182046019223829,0.021128903111442925,0.014767296295613049,0.01713125516474247,0.002493288751381137,0.0,0.007944148990015188,0.005108816532418132,0.004651551989217599,0.004203811954706906,0.00390820192421476,0.002974335999538502,0.017119903240352865,0.0,0.005728061674783626,0.0034998219758272165
56,0.027031564437784254,0.02283935519338896,0.011296034731436517,0.004391761031001806,0.013787476684277255,0.007768236535601317,0.005659414656460287,0.003231648924760522,0.0034918391332030307,0.004764977372251449,0.013220412868851178,0.0,0.005802869863808155,0.00840379153005779,0.012081380646365382,0.0,0.006764503911448021,0.011346731802448632,0.0044203405268490314,0.007730349857670565
57,0.02439928576350212,0.007664607468061151,0.014721855720194677,0.006878898886963725,0.014110970194761955,0.014134700125704206,0.009973266301676628,0.0053901033559814095,0.01469435601122677,0.006653356615609177,0.0029207787060489257,0.007908197699968395,0.01070716175343841,0.005610228031873703,0.010531744339503348,0.004124521091580391,0.008087941015139221,0.0018577969356750443,0.0,0.0031280544544570145
58,0.004628263224847616,0.027681164933368568,0.009046580861633024,0.006117536555975676,0.005559131714049726,0.010099912057320278,0.021632316148529448,0.023141116386589902,0.008216069842378297,0.0,0.003953191347730658,0.009260787200182674,0.014340044000496469,0.008205864845464627,0.005539332049588361,0.008198019936991234,0.004495541173964738,0.0,0.009410669774437943,0.005660892218040924
59,0.012480771741519375,0.014931767351770148,0.023283801499443754,0.02150371854193509,0.006896859511112173,0.015391959750869618,0.018165665858735643,0.02035185767896474,0.0,0.005048896805693706,0.0034530173366268497,0.004903530964006979,0.0,0.012279347461337844,0.0,0.0048808312385032575,0.005044311590803167,0.0031116784268524506,0.0024632148758197826,0.005227663709471623
60,0.023469603532304362,0.0,0.008475087650120259,0.009648153313125175,0.0134201972251758,0.022941545087844135,0.010474346112459898,0.04068527652913083,0.012071642413735383,0.0028414847704892354,0.0,0.010541509128486117,0.003456974476886292,0.004150234863162043,0.01999166505721708,0.006201512932777405,0.012213910299353302,0.010561112410078443,0.0035222951198617624,0.004269839188084007
61,0.02016393626760692,0.0067609765163312375,0.01848948011423151,0.032156556831051904,0.0,0.012882386916006603,0.009031674003849428,0.02998104096467917,0.007407457234958807,0.017691977425478397,0.004814392629700401,0.0033374699406946693,0.008951351797363413,0.0035791576765477648,0.0,0.0,0.0,0.0,0.00863459784227113,0.004666251403279604
62,0.02136325065558776,0.012869299750154219,0.0,0.022697099658971032,0.0025513306148350233,0.006995401282173894,0.039014556831059345,0.007875405294820668,0.012533009235126276,0.006502297351757687,0.0038577641379088173,0.004997477777302265,0.0,0.019250392125298586,0.009907776072621348,0.0052876509055495265,0.0,0.009082569546997547,0.0,0.0
63,0.020426340249677502,0.0070582126832256726,0.016205620432582994,0.0047315629199147224,0.015146126461836197,0.007991899322718382,0.002771594496443867,0.004760605227512619,0.00669728022844841,0.008922237472608683,0.01623096530372277,0.00494616441739102,0.008741279078647496,0.006365399544127284,0.003828514647670089,0.0,0.0,0.0,0.005997913658618927,0.0021254115514457226
64,0.02942294976425668,0.006891965778544548,0.02667978053058808,0.004791498155022661,0.021342504662772023,0.0,0.0046225769929587835,0.013759111077524722,0.0029624353460967544,0.013067931776711098,0.0,0.005871087183554965,0.01226109587587416,0.010635438430123028,0.0027204788280650967,0.00491907011034588,0.0033659261014933385,0.007537294629806031,0.004349432200348626,0.0
65,0.02053307678985099,0.01716571875754744,0.013403151539464796,0.0068409146461635845,0.014119173385668543,0.01947244927225013,0.013058633000279467,0.014561924697210389,0.01223059062690785,0.0,0.005871120917610822,0.011374856360256674,0.0,0.0043872882043942815,0.0,0.003748082398592185,0.0037467799638398005,0.0,0.011447511989623306,0.009180215112864976
66,0.017471682793771225,0.01531186134414747,0.018177395270206034,0.010299033098854125,0.008728837946429846,0.00920495316882928,0.025635880034261694,0.008799959654919802,0.0,0.004436025926843284,0.004193532966698209,0.0031277705511699103,0.0025050099291838704,0.008627042811984818,0.003893828051164746,0.006602818751086792,0.0030417551249265675,0.01297443121376758,0.004057562648008267,0.003115296702676762
67,0.02601347234472633,0.04143741683848202,0.012388925134514768,0.0175294289952144,0.0,0.014466383716401948,0.005194629806404311,0.002544764540623872,0.004565176852047443,0.008894271041732283,0.008489400285917022,0.0059365655668079855,0.016660433072907235,0.0027293571702515086,0.009347678580631812,0.0,0.013774636709441741,0.0036382465958595257,0.007261473195937773,0.002709179559567322
68,0.03583008860858779,0.020504391076353688,0.005496330443148811,0.014423266967758537,0.02516414552958061,0.00432334139943123,0.016033582774611806,0.004430070519447327,0.003563825195655228,0.005416176586101451,0.01039216759242117,0.007526530219862857,0.003928060831191639,0.0027288544103503207,0.006541501064163942,0.011012878372333947,0.003844637537375093,0.002944519696757198,0.0,0.0
69,0.015312670593770839,0.030863286517560484,0.0039015237751106424,0.012898906183118621,0.0,0.019914007289800792,0.013225897587835786,0.012056256671901792,0.020842746674083177,0.011164180740558857,0.012725625761474171,0.0,0.0027257976114439465,0.004250610820949078,0.0036902497646709295,0.007195324356046816,0.0,0.011483499056038756,0.009533739697188133,0.013612186492420736
70,0.020277254004652308,0.005634800650800266,0.00790951335305969,0.02811286801596483,0.0172217405087625,0.006315906001254914,0.018925964371611672,0.013669386633982265,0.006591004141295951,0.01426073132548481,0.007778194868161031,0.0,0.0034470832906663418,0.008663335858533782,0.012442624078132214,0.0,0.0,0.0,0.005441754162311556,0.0
71,0.015430463348825776,0.02174767273043593,0.02073652910937866,0.014406808794786532,0.007209464443226655,0.008785311604539553,0.014188930563318235,0.009267982417096693,0.01640966939677795,0.007511295275762677,0.0038460631401588527,0.012785449939469498,0.009523523846485964,0.005494632634023828,0.008335926317299406,0.002154361018911004,0.0018227336202592886,0.004252966627478599,0.0023088716293374707,0.0034690639004111294
72,0.00563939552133282,0.009474185721327862,0.007817971131298692,0.018282097131013867,0.02048746195016428,0.00488288749071459,0.006491473872214557,0.008842809894122183,0.006821759074926377,0.0035345307076349846,0.0,0.007543311088035504,0.013566658683121199,0.0048027927962442235,0.00994725616897146,0.0,0.0,0.00914085560602446,0.005899517259250087,0.005006885868807632
73,0.02442799324356021,0.0238386764684692,0.0,0.0024458327908068885,0.027642672785713033,0.004213461669782796,0.004261659393087031,0.010865882479896153,0.006278179479918132,0.006602198724324507,0.007814079532399775,0.005873927722374598,0.006776923764962703,0.014286961366732917,0.0049728818461298955,0.0024464648813009257,0.008510054038527112,0.0,0.004516642067581415,0.0029254435785114785
74,0.03969462244476501,0.011559736813729005,0.0023686725748702886,0.0026929766821364564,0.014535880870496232,0.0,0.032780804907282204,0.016975275514957804,0.0034072085469961165,0.009051128482135634,0.02469658619072288,0.0,0.006103319866349922,0.003973214589680234,0.004270041175186634,0.005871656401703753,0.0,0.0027827957974125932,0.0023684265079597622,0.0
75,0.030107502756950746,0.006035668775439262,0.019796042879112068,0.0,0.011063619545660913,0.008215887735287348,0.01156518968163679,0.013812260341830552,0.002933816133920726,0.010737153322435912,0.0033912890329957,0.006266463547945022,0.008063008073717357,0.019931202664195253,0.003966678438708185,0.008032968135550619,0.004236386486794798,0.0011545782965452721,0.009880669808015228,0.0099494511554949
76,0.0428628371101804,0.013782013824209573,0.019470836537269255,0.007318884561769664,0.012408350911922751,0.0,0.0,0.004974327050149441,0.01022469121000419,0.014030210869697234,0.005017817248279848,0.0,0.005833751410245896,0.003975748363882304,0.016154453291868168,0.003982521020807325,0.01150986686985319,0.0035476725056457024,0.0,0.0
77,0.030916462735117712,0.011736493594013159,0.019065658720831078,0.009803115899985034,0.010854307484968257,0.009277187700383363,0.0,0.009295269320408502,0.0,0.006241012103545169,0.005396294608091315,0.009155379704975836,0.008714485219369331,0.005124261888054509,0.0,0.019838376955439656,0.011962187558722996,0.008892172070064892,0.0,0.005998088953085245
78,0.0247657450226446,0.0052524612122215346,0.01602501092059538,0.006222268996760251,0.0,0.016486891391687096,0.008012060763935248,0.011954301718001567,0.014290910634212197,0.003666924379765985,0.007857298353686927,0.0018740696758031848,0.011112155036690333,0.0024823046388725437,0.004544129503890872,0.0,0.0,0.0024584359135478738,0.008333783939170341,0.0
79,0.028415119459930187,0.007656147854557883,0.0,0.02935396991445062,0.0,0.007358952290688951,0.006413210124708712,0.002383625054111083,0.0067029845242699,0.004516863651573658,0.014159988109022375,0.02349690969039996,0.0,0.006861958864144981,0.004745841355373461,0.007014280999545009,0.005422785556564727,0.0030969579517841337,0.0,0.004933694864312808
80,0.04044616587646306,0.010921930503100159,0.006487095143646002,0.02919027964025735,0.022774503525656957,0.01784054721985012,0.026010395568485067,0.017849805327753224,0.02035672933980823,0.0,0.004203061118721961,0.0,0.0,0.007678057088827093,0.005643673351034524,0.0,0.0,0.0,0.005049523815978318,0.0
81,0.03159762776984522,0.009596268335822968,0.016885602169670163,0.019043246197514234,0.011246839661461613,0.0047564504295587555,0.020100485723155242,0.011045162483739355,0.003699782304465771,0.006568512260913853,0.0035864209259549784,0.005413724742829796,0.028001713276219864,0.009984590939090899,0.00298473492031917,0.003486816146100559,0.0,0.0,0.005624151974916458,0.007827713464697203
82,0.04402774322126061,0.007428184241677323,0.01764704074105248,0.010629546223208308,0.003835930954664946,0.012633582329998413,0.007554785597448548,0.008730348543884851,0.012543587404924134,0.013219780875214688,0.0027782659614458685,0.0,0.004980364434421062,0.0037432819337894527,0.0,0.0048793791433175415,0.0038464213532085215,0.0042111374735832215,0.002126303793862461,0.003349861342459918
83,0.024171511526529982,0.0053212153613567325,0.0023091730005107823,0.016379255176211395,0.010199537074193358,0.018813350868100917,0.0,0.014058149933815005,0.0,0.008215950102079659,0.016504841199455157,0.006863511538598685,0.013849971516523504,0.011217464615901309,0.00854696211560319,0.0029654586352407934,0.01093648234514209,0.0036395037708183134,0.005036885187029838,0.006998484627964597
84,0.006124359011650087,0.007412467059524105,0.018181188866496088,0.003841518441215156,0.012565153458931793,0.020372452112846072,0.004222671652212738,0.010981825028701373,0.027464735945221034,0.0074349611792713394,0.00986446504636357,0.015404297180939466,0.005310593008995057,0.004449856887261071,0.00228294604892532,0.0,0.0,0.006815298233646901,0.004077901030269762,0.008012717772119987
85,0.026578926869978498,0.029099075932210932,0.015434580551926046,0.005842432131369909,0.02512016319017856,0.004760688790120186,0.008228581002602972,0.0043552029977242165,0.02201305298460647,0.01709608021471649,0.002578215065101784,0.014237729540715616,0.002850187115371228,0.004114825665950775,0.0,0.010219307536880178,0.015617102066986265,0.004400447072461248,0.0,0.006590059775859119
86,0.02019369585889702,0.022294438152574002,0.01238286977509658,0.020529627303903304,0.008150156381539998,0.012088203399131693,0.009405781671094397,0.00852140583874037,0.010425849370347958,0.006956380860569576,0.003812292614020407,0.004745389014482498,0.0,0.002815850544720888,0.003742695808410646,0.0,0.0,0.008420749926939608,0.002442660223071774,0.006550569621225198
87,0.03051640184782445,0.025500826972847185,0.019536301391509678,0.02666229293712725,0.005683238171041012,0.0056172105536485715,0.014750307884688174,0.007236551440010466,0.004189011123031377,0.006888115538284182,0.007164305813920996,0.004728952892124653,0.007158512258591751,0.0025089920394433048,0.006755640159050625,0.0025848213834688055,0.007761785548180345,0.013030081427035232,0.0,0.0
88,0.023464219663292166,0.020354426818589375,0.0031858383701182918,0.01012298444285989,0.005054910142595569,0.01587017686634014,0.01515349872969091,0.010206906330616522,0.009801723827607932,0.01452659234404564,0.004664215456383926,0.0,0.0030424843998625877,0.0035526998446633426,0.005044122519747664,0.008886298216956974,0.0,0.003305323177327713,0.008570105909990767,0.003085231225937605
89,0.028111901058504987,0.014897653581574567,0.056320036287574725,0.03198446659014249,0.01574069553986192,0.0137323093189237,0.005467007428407667,0.006581849289281913,0.009141557109542188,0.0020370789524167773,0.0,0.0043367220660050715,0.00625295615196228,0.0,0.005391881656212112,0.0033919177390635013,0.011130509663994117,0.006217796416021885,0.007304141963521637,0.0
90,0.016424839540074274,0.007706268620677291,0.014183347403382262,0.0061009455285966395,0.00832541998103261,0.013777200277273853,0.0,0.009247758797059453,0.01180416558139647,0.004710366634341578,0.0054959160278861725,0.01423257923188309,0.0,0.01105592725177606,0.004524353875468174,0.010761611629277468,0.004055922111185888,0.0068388829535494244,0.005231310562541087,0.003037073795683681
91,0.00895262763649225,0.04584962907681863,0.0,0.0224352286135157,0.006959787483327092,0.014627773897101485,0.011570076464364925,0.006292879562824965,0.01531039720276991,0.0075003429918239495,0.008327243361001215,0.027681400001049048,0.0,0.0030811301269568513,0.0,0.010681487852707507,0.0029208507351577277,0.0,0.010180092638048031,0.0024149649340348945
92,0.043477926881363,0.009981835016515107,0.007274985577290259,0.021394365163519984,0.023073177716229108,0.014354875408113003,0.008604288342719276,0.011149297021329404,0.007029036921138565,0.011751555376996597,0.003999891107746711,0.0030476388062039995,0.00685696728962163,0.005975584767448405,0.004008296355605126,0.0,0.004704950567800548,0.00514035964058712,0.007961745390358073,0.0
93,0.007972093724956116,0.007225227156964441,0.012853533347758149,0.011509370057222744,0.017417576945076382,0.021566566870858273,0.021744542711724837,0.019956746771621212,0.012726650965710481,0.0,0.011230448003858327,0.021418393404067804,0.005238413351976001,0.0032608337675531706,0.004296755992497008,0.003482225086539984,0.0,0.003167725723236798,0.0024765490268667542,0.0025799069250933815
94,0.03490775023618093,0.0021232158342997234,0.022026066716760394,0.013641839789226652,0.00406841068342328,0.009387160475055374,0.02638496017642319,0.010607546693334972,0.0038621520362794428,0.012655632882534216,0.02415416855473692,0.0035544866807758813,0.009393625799566508,0.0016276413932597876,0.0024060680083930488,0.0,0.01171743911023562,0.0,0.003477887148968875,0.010447087107381474
95,0.038480288340710114,0.004433585733175277,0.014591318997476871,0.008789727482944727,0.018415858092096945,0.02120267615715662,0.018747583554747205,0.006159723178793987,0.006653561491829653,0.005773615360880893,0.0036445229933597155,0.009905245162546634,0.0,0.0,0.004314145540197689,0.0030624247097099794,0.0,0.012369219792385895,0.0,0.0
96,0.021174631928404176,0.014948098368632293,0.011328595233460265,0.01790920156240463,0.011776666943604748,0.014696573309600355,0.0034751784987747674,0.004486724840787549,0.0,0.008424629952448111,0.009272973664104938,0.0,0.0059379332773387425,0.0031983081142728537,0.003882438244918982,0.008607520272023978,0.004134511642158033,0.015990431043629846,0.0023492920615244667,0.0
97,0.01809430893184617,0.029148066347464918,0.006720605486072599,0.021075445511688794,0.027102400680693486,0.0021240481080797807,0.009242201801389457,0.010790376961541668,0.004862611740827561,0.0069573547871162504,0.004446700663616259,0.005024854789177577,0.010457929676398631,0.012504023588262496,0.0,0.0025755118088175853,0.0036469283504411585,0.0,0.006943185524394118,0.0046022909233967456
98,0.0,0.031058655973368644,0.003930472853903968,0.0062090923575063555,0.020535189562787614,0.030163515439722684,0.0045536725505565595,0.0,0.01068957687712585,0.003922792996590336,0.01127409802873929,0.010441515183697143,0.007894396626700956,0.00715075786349674,0.011422037939851483,0.0,0.0,0.020079675735595326,0.0,0.0025588454535851873
99,0.020170062843710188,0.02887781323275218,0.0265323267634958,0.015112405654042958,0.0,0.0022020818470045926,0.0,0.007268137830309568,0.0031139964703470473,0.007996634431105726,0.008716631661479672,0.0,0.010883319955319168,0.002578242377998928,0.005533347998435299,0.002589817027871807,0.0027004131252566965,0.0,0.010455207888347409,0.015737595781683923
